Precinct,Ward,Division,Dem,Rep,Ind,Other Party,Total,White,Black,Hispanic,Other Race,Male,Female,Unknown Gender
101,1,1,327,49,8,87,471,179,4,2,27,163,168,141
102,1,2,424,64,5,81,574,236,2,2,11,190,219,165
103,1,3,472,76,9,83,640,274,3,13,9,211,242,188
104,1,4,431,116,2,62,611,261,8,13,14,201,237,179
105,1,5,291,31,1,41,364,98,47,20,31,106,117,143
106,1,6,358,44,3,73,478,115,70,46,15,171,167,141
107,1,7,322,23,3,53,401,36,77,73,40,113,137,153
108,1,8,358,50,4,80,492,170,14,15,46,159,177,159
109,1,9,366,60,5,60,491,221,5,10,32,147,186,163
110,1,10,412,39,2,80,533,160,8,9,48,174,173,187
111,1,11,502,57,10,97,666,260,4,14,21,217,248,202
112,1,12,317,44,6,94,461,93,54,28,45,150,156,159
113,1,13,406,47,5,90,548,118,70,30,42,158,190,200
114,1,14,448,51,5,95,599,125,66,36,38,180,184,236
115,1,15,538,58,9,115,720,218,63,16,23,227,254,240
116,1,16,325,29,13,73,440,109,38,7,36,147,156,138
117,1,17,389,76,3,63,531,226,32,9,17,214,192,127
118,1,18,456,80,4,78,618,297,2,5,5,189,220,209
119,1,19,389,69,7,46,511,277,0,14,9,164,176,172
120,1,20,487,29,6,52,574,261,16,12,15,191,217,168
121,1,21,423,76,7,55,561,271,5,10,8,182,222,159
201,2,1,495,112,5,97,709,273,14,9,15,233,255,222
202,2,2,311,70,5,61,447,98,63,9,24,155,147,149
203,2,3,326,55,3,71,455,132,43,5,25,155,163,138
204,2,4,402,65,8,90,565,198,6,15,50,173,192,201
205,2,5,408,65,6,64,543,194,8,9,20,186,195,163
206,2,6,469,54,4,72,599,194,6,11,23,192,235,175
207,2,7,503,74,6,107,690,213,37,11,25,243,232,220
208,2,8,349,46,3,72,470,121,61,13,16,146,185,142
209,2,9,468,50,5,62,585,85,138,11,9,188,229,170
210,2,10,454,67,9,85,615,193,13,11,23,210,212,193
211,2,11,412,86,5,104,607,170,9,10,41,171,230,208
212,2,12,480,81,5,95,661,162,30,7,19,226,233,204
213,2,13,238,29,4,48,319,29,91,5,11,90,117,114
214,2,14,547,59,6,64,676,106,193,21,31,187,251,243
215,2,15,677,110,10,122,919,194,140,12,19,266,340,314
216,2,16,623,78,11,139,851,231,35,3,19,266,299,288
217,2,17,433,73,11,102,619,168,33,6,17,185,230,206
218,2,18,402,67,7,76,552,188,8,7,13,171,218,164
219,2,19,467,57,6,85,615,141,104,9,20,200,230,191
220,2,20,297,40,2,76,415,36,63,6,15,131,146,141
221,2,21,456,36,6,76,574,55,187,9,19,234,175,170
222,2,22,588,68,12,99,767,205,50,10,9,255,263,249
223,2,23,577,67,9,111,764,230,20,17,22,276,255,236
224,2,24,471,98,10,91,670,200,13,12,13,215,236,219
225,2,25,548,67,14,168,797,192,43,8,17,283,275,245
226,2,26,699,147,8,210,1064,334,10,20,17,348,369,349
227,2,27,595,169,7,154,925,291,16,13,14,263,320,344
301,3,1,528,18,4,29,579,3,340,4,4,177,226,180
302,3,2,621,18,1,36,676,8,398,7,13,218,264,201
303,3,3,582,13,4,28,627,5,374,4,5,175,243,213
304,3,4,636,29,2,25,692,10,432,2,13,184,278,235
305,3,5,495,10,3,28,536,2,314,4,8,136,220,182
306,3,6,523,16,2,29,570,5,314,5,11,150,226,196
307,3,7,519,26,1,14,560,6,340,4,6,151,241,169
308,3,8,508,18,1,22,549,2,322,2,8,154,204,192
309,3,9,576,15,3,23,617,3,357,6,7,158,262,200
310,3,10,527,7,4,27,565,3,319,8,7,164,216,186
311,3,11,553,13,4,24,594,0,330,0,7,159,234,205
312,3,12,569,19,4,25,617,2,349,4,10,158,269,193
313,3,13,474,12,2,26,514,2,302,0,6,133,203,181
314,3,14,634,20,0,29,683,4,397,1,6,216,251,219
315,3,15,547,9,3,29,588,1,309,2,7,175,228,188
316,3,16,623,18,4,28,673,3,379,3,8,178,269,228
317,3,17,583,10,2,27,622,5,373,5,13,174,252,197
318,3,18,604,16,0,29,649,3,379,1,8,181,283,185
319,3,19,631,8,2,37,678,2,410,4,3,161,278,242
320,3,20,462,21,1,20,504,4,307,7,6,122,223,163
321,3,21,453,13,0,21,487,3,304,1,3,132,184,174
322,3,22,529,15,1,26,571,2,361,3,5,145,244,190
401,4,1,577,14,1,32,624,2,390,1,13,162,262,201
402,4,2,736,21,1,27,785,2,482,7,13,220,352,217
403,4,3,661,17,7,30,715,4,410,3,8,160,307,251
404,4,4,484,19,0,29,532,4,312,3,8,142,225,167
405,4,5,596,11,2,34,643,1,364,4,9,166,263,214
406,4,6,629,14,2,27,672,6,391,0,4,195,271,206
407,4,7,749,29,4,32,814,5,485,7,15,222,340,258
408,4,8,647,24,4,33,708,1,429,8,7,205,305,202
409,4,9,597,18,2,26,643,2,375,5,8,169,265,212
410,4,10,572,16,5,31,624,2,364,3,8,159,260,206
411,4,11,653,12,3,31,699,4,428,5,6,184,282,235
412,4,12,527,16,3,44,590,3,353,2,6,175,241,177
413,4,13,729,18,2,30,779,3,448,4,8,228,325,230
414,4,14,609,21,3,33,666,2,403,4,13,179,282,207
415,4,15,584,18,7,29,638,1,381,1,8,177,240,222
416,4,16,617,18,4,30,669,0,389,3,12,188,263,222
417,4,17,553,14,2,22,591,4,347,2,6,162,237,197
418,4,18,603,16,5,31,655,3,383,2,5,162,265,231
419,4,19,456,14,3,18,491,2,293,0,9,141,197,155
420,4,20,575,11,0,22,608,0,368,4,10,175,248,191
421,4,21,512,16,3,24,555,5,342,1,9,144,238,174
501,5,1,840,228,12,219,1299,353,25,18,34,389,452,462
502,5,2,589,134,10,163,896,276,30,7,14,290,288,321
503,5,3,469,110,8,90,677,271,5,8,13,221,269,187
504,5,4,677,125,11,170,983,286,26,12,15,311,349,326
505,5,5,653,100,16,138,907,261,25,13,38,297,298,315
506,5,6,688,133,15,191,1027,250,22,13,29,325,336,368
507,5,7,547,101,10,167,825,204,21,12,25,265,303,263
508,5,8,702,93,14,159,968,263,23,9,19,343,332,298
509,5,9,1106,156,12,288,1562,300,319,42,38,678,438,458
510,5,10,230,93,5,64,392,119,15,6,9,145,114,133
511,5,11,784,113,5,219,1121,239,101,10,40,435,366,326
512,5,12,876,243,12,291,1422,250,44,20,168,415,496,515
513,5,13,584,79,6,105,774,65,241,29,39,339,81,359
514,5,14,526,67,8,152,753,162,20,12,13,234,251,269
515,5,15,412,58,8,113,591,137,22,44,14,217,193,182
516,5,16,609,121,11,194,935,182,75,14,19,316,271,355
517,5,17,924,141,19,252,1336,258,69,53,30,457,459,425
518,5,18,724,225,19,171,1139,378,21,14,23,323,407,412
519,5,19,715,163,13,155,1046,406,13,9,21,310,406,332
520,5,20,341,39,5,79,464,96,36,38,10,140,180,144
521,5,21,1088,253,22,384,1747,340,53,67,48,618,543,592
522,5,22,475,68,8,84,635,190,57,8,16,177,252,207
523,5,23,669,59,15,158,901,146,159,45,18,298,339,268
524,5,24,769,163,4,325,1261,146,34,22,208,393,383,497
525,5,25,780,126,13,235,1154,182,148,30,78,450,314,392
526,5,26,753,201,18,302,1274,257,27,16,24,382,396,506
527,5,27,693,192,19,278,1182,290,37,14,15,354,385,446
528,5,28,519,81,13,180,793,159,79,10,21,281,266,252
529,5,29,337,38,6,110,491,61,51,19,9,129,158,211
601,6,1,548,21,3,94,666,33,238,5,26,221,233,215
602,6,2,315,6,1,8,330,6,186,0,7,61,140,129
603,6,3,542,36,9,92,679,34,261,3,15,237,248,198
604,6,4,674,17,2,30,723,5,399,8,14,140,306,282
605,6,5,308,19,2,14,343,5,189,5,7,121,126,97
606,6,6,417,7,3,15,442,4,257,4,2,110,184,151
607,6,7,551,12,4,30,597,2,386,12,3,165,250,184
608,6,8,334,14,1,21,370,12,210,2,5,105,154,111
609,6,9,430,14,0,28,472,3,293,3,5,157,181,136
610,6,10,315,33,3,17,368,2,209,0,5,119,136,113
611,6,11,688,24,2,32,746,13,438,3,5,230,282,239
612,6,12,351,6,3,23,383,2,223,0,3,80,185,119
613,6,13,459,20,0,21,500,6,316,9,7,147,200,154
614,6,14,478,13,3,36,530,13,301,12,3,195,196,142
615,6,15,543,16,5,32,596,13,315,9,5,191,223,185
616,6,16,422,15,2,21,460,6,273,4,3,116,209,138
617,6,17,572,21,5,31,629,7,374,7,11,172,235,224
618,6,18,631,16,3,28,678,15,384,8,9,218,267,196
701,7,1,499,43,0,61,603,12,27,416,13,156,178,273
702,7,2,420,43,0,46,509,5,16,378,14,130,164,223
703,7,3,341,37,1,35,414,12,21,290,11,95,120,203
704,7,4,559,45,0,54,658,16,14,465,18,167,186,310
705,7,5,824,53,1,72,950,26,91,603,21,266,317,378
706,7,6,566,45,2,64,677,26,55,417,20,196,205,281
707,7,7,441,30,0,45,516,5,42,319,24,133,159,228
708,7,8,503,31,1,54,589,14,101,276,15,161,188,244
709,7,9,342,27,0,32,401,14,65,207,16,107,127,168
710,7,10,683,80,3,98,864,48,127,298,25,309,180,384
711,7,11,615,53,4,66,738,26,51,461,23,180,258,310
712,7,12,666,58,3,64,791,20,68,493,30,186,267,347
713,7,13,423,44,1,55,523,35,40,311,11,146,165,219
714,7,14,534,47,0,56,637,25,58,368,18,191,181,269
715,7,15,323,21,2,27,373,6,19,229,12,103,107,164
716,7,16,449,42,2,56,549,23,94,237,14,145,171,237
717,7,17,483,35,0,71,589,17,43,374,26,164,160,269
718,7,18,656,39,0,87,782,21,84,436,27,241,208,337
719,7,19,555,54,1,75,685,30,51,413,22,159,244,288
720,7,20,391,39,1,40,471,27,51,255,8,134,155,188
721,7,21,521,38,1,48,608,22,79,315,21,144,195,275
722,7,22,460,63,2,54,579,33,90,260,26,150,186,248
723,7,23,354,34,1,62,451,35,45,231,15,154,143,164
801,8,1,577,76,6,149,808,229,4,5,19,234,300,277
802,8,2,538,102,9,147,796,220,11,3,12,247,286,266
803,8,3,696,131,10,166,1003,250,17,8,20,314,349,344
804,8,4,690,149,6,175,1020,232,15,11,22,308,368,348
805,8,5,845,244,21,267,1377,233,48,16,35,420,495,474
806,8,6,505,114,6,104,729,220,7,4,4,231,283,221
807,8,7,528,80,8,106,722,197,60,8,34,236,261,230
808,8,8,571,141,10,175,897,251,12,6,17,269,348,285
809,8,9,687,113,8,196,1004,247,16,8,20,317,326,371
810,8,10,670,160,14,168,1012,296,56,16,20,317,387,312
811,8,11,443,147,9,133,732,160,8,5,17,217,309,210
812,8,12,595,119,14,208,936,206,13,16,31,312,345,285
813,8,13,447,78,6,131,662,168,10,3,23,184,250,232
814,8,14,858,177,20,296,1351,337,27,21,23,385,482,489
815,8,15,703,217,17,238,1175,192,82,16,35,380,412,393
816,8,16,448,67,10,35,560,229,9,5,9,146,257,157
817,8,17,563,155,8,213,939,189,23,6,23,269,341,341
818,8,18,552,101,11,112,776,236,24,7,15,251,314,214
819,8,19,571,104,8,113,796,221,30,10,15,262,287,251
820,8,20,385,122,5,139,651,142,8,7,15,193,215,246
821,8,21,447,74,6,65,592,227,7,6,7,155,240,198
822,8,22,345,71,6,139,561,105,37,9,19,177,199,188
823,8,23,640,128,7,162,937,196,81,10,28,288,336,320
824,8,24,834,183,17,268,1302,274,36,19,42,400,489,417
825,8,25,601,129,13,157,900,239,38,8,10,248,360,301
826,8,26,1002,181,22,315,1520,253,132,82,30,502,531,495
827,8,27,555,109,8,244,916,139,20,8,34,286,311,321
828,8,28,573,65,4,104,746,255,3,6,13,235,266,247
829,8,29,642,124,12,100,878,342,26,10,15,254,370,256
830,8,30,608,101,16,169,894,194,74,31,20,263,353,283
901,9,1,530,23,4,42,599,109,183,8,13,183,240,178
902,9,2,551,33,5,43,632,173,148,5,13,226,246,161
903,9,3,753,46,12,78,889,211,158,7,12,269,361,260
904,9,4,436,76,6,86,604,191,27,6,15,170,232,202
905,9,5,492,87,11,95,685,193,66,6,11,211,287,188
906,9,6,496,103,10,88,697,260,23,5,11,237,265,199
907,9,7,478,138,11,95,722,294,34,12,9,189,305,230
908,9,8,338,84,7,55,484,209,13,3,9,152,179,153
909,9,9,616,123,12,107,858,306,18,7,7,240,354,267
910,9,10,537,190,6,94,827,335,10,17,13,265,313,250
911,9,11,710,171,17,123,1021,392,23,11,10,334,394,296
912,9,12,633,74,6,67,780,197,149,9,17,230,298,253
913,9,13,559,34,4,75,672,175,108,11,11,184,273,215
914,9,14,444,26,4,48,522,149,82,5,11,171,214,139
915,9,15,519,31,6,53,609,180,82,6,16,181,250,179
916,9,16,577,59,8,99,743,67,214,11,15,206,357,183
917,9,17,427,29,8,54,518,39,171,5,12,143,236,142
1001,10,1,528,20,1,23,572,2,327,1,4,157,233,185
1002,10,2,668,20,1,26,715,2,433,4,7,192,303,221
1003,10,3,554,15,2,21,592,2,352,8,8,165,244,185
1004,10,4,555,13,3,25,596,2,347,4,7,168,241,189
1005,10,5,576,15,3,24,618,3,340,2,8,170,256,194
1006,10,6,541,13,1,19,574,7,337,1,6,161,238,175
1007,10,7,533,7,1,19,560,1,337,6,5,151,246,164
1008,10,8,562,14,3,24,603,4,370,4,9,176,253,180
1009,10,9,599,14,2,28,643,6,383,2,6,183,277,189
1010,10,10,473,12,2,23,510,4,279,6,5,154,204,155
1011,10,11,629,9,2,51,691,8,390,6,12,229,303,162
1012,10,12,572,8,4,37,621,1,357,7,5,179,243,202
1013,10,13,674,12,3,35,724,2,421,5,6,210,264,251
1014,10,14,689,15,0,23,727,1,462,6,3,195,296,238
1015,10,15,496,7,0,23,526,5,294,5,3,163,192,172
1016,10,16,554,12,0,34,600,2,372,9,4,166,246,189
1017,10,17,496,9,5,27,537,1,316,1,4,127,229,183
1018,10,18,523,9,0,18,550,4,315,0,11,164,209,179
1019,10,19,499,8,2,26,535,3,323,4,6,139,224,172
1020,10,20,675,16,1,29,721,1,430,3,6,200,295,229
1021,10,21,667,15,2,22,706,5,433,6,4,188,311,210
1022,10,22,443,10,3,27,483,2,306,2,5,164,192,129
1023,10,23,529,12,1,21,563,6,329,1,7,132,242,193
1024,10,24,493,13,1,17,524,4,305,1,5,144,215,166
1025,10,25,592,14,0,29,635,1,355,4,5,153,291,191
1026,10,26,575,17,4,26,622,4,361,4,5,171,267,185
1027,10,27,591,13,2,28,634,2,368,2,5,190,257,191
1028,10,28,462,10,1,13,486,4,293,0,11,144,209,133
1029,10,29,540,14,4,14,572,4,322,5,6,160,213,201
1101,11,1,394,25,1,22,442,7,260,12,5,139,166,142
1102,11,2,554,15,4,19,592,3,367,7,5,163,228,204
1103,11,3,432,21,3,22,478,14,288,8,5,142,178,163
1104,11,4,225,7,2,15,249,3,153,3,4,72,92,85
1105,11,5,404,17,4,25,450,4,253,10,3,155,158,140
1106,11,6,360,16,1,27,404,5,236,8,1,120,153,133
1107,11,7,495,16,1,18,530,1,349,3,0,135,243,158
1108,11,8,607,18,4,36,665,5,396,6,8,186,267,212
1109,11,9,575,16,3,34,628,14,361,11,9,180,265,187
1110,11,10,364,16,1,18,399,6,238,9,4,97,167,141
1111,11,11,491,21,0,18,530,7,331,3,4,147,228,158
1112,11,12,389,18,5,25,437,10,251,9,2,146,169,126
1113,11,13,583,20,1,30,634,6,376,14,6,175,288,175
1114,11,14,383,8,1,23,415,8,220,9,8,132,140,144
1115,11,15,275,13,1,15,304,10,166,1,4,88,119,97
1116,11,16,515,17,1,20,553,3,345,6,6,175,219,162
1117,11,17,339,16,1,19,375,3,232,1,3,114,147,116
1118,11,18,475,22,4,23,524,6,331,6,3,143,210,175
1119,11,19,556,21,3,30,610,3,366,8,5,183,241,191
1120,11,20,617,18,3,29,667,5,426,7,4,190,258,223
1201,12,1,566,16,3,29,614,2,382,6,7,141,282,193
1202,12,2,522,15,1,27,565,2,355,3,8,169,209,191
1203,12,3,449,13,4,23,489,6,274,7,8,147,174,172
1204,12,4,458,16,0,17,491,4,314,4,7,164,203,128
1205,12,5,750,24,3,35,812,29,476,10,14,234,326,263
1206,12,6,437,21,1,24,483,25,255,7,5,158,176,152
1207,12,7,682,23,4,64,773,24,357,7,9,220,279,279
1208,12,8,644,16,5,40,705,27,377,5,7,198,323,192
1209,12,9,529,17,1,42,589,32,314,10,6,198,226,167
1210,12,10,574,16,4,32,626,4,357,7,7,142,274,212
1211,12,11,593,31,3,59,686,20,333,10,13,201,303,187
1212,12,12,552,24,3,37,616,9,371,3,5,172,246,202
1213,12,13,530,24,1,33,588,15,342,9,7,165,243,182
1214,12,14,788,28,2,54,872,26,509,10,9,255,378,241
1215,12,15,620,32,2,58,712,51,340,7,16,228,294,195
1216,12,16,601,32,7,52,692,75,282,5,16,195,277,224
1217,12,17,744,25,4,50,823,21,465,9,6,212,345,269
1218,12,18,535,19,3,34,591,17,332,4,13,165,231,199
1219,12,19,474,11,1,30,516,9,278,4,7,137,205,178
1220,12,20,479,17,3,32,531,10,278,3,14,141,214,181
1221,12,21,451,17,2,30,500,8,284,5,5,158,159,185
1222,12,22,532,30,2,83,647,66,186,9,19,175,281,192
1223,12,23,571,31,8,57,667,81,230,10,14,205,259,205
1224,12,24,461,17,5,37,520,7,282,7,9,156,228,137
1301,13,1,560,19,3,41,623,9,353,10,11,166,244,216
1302,13,2,474,16,3,22,515,15,275,7,5,160,204,152
1303,13,3,421,10,5,21,457,14,251,2,14,125,186,147
1304,13,4,521,24,6,47,598,63,248,6,14,187,244,172
1305,13,5,573,25,4,35,637,35,332,5,7,188,265,188
1306,13,6,613,14,4,35,666,10,380,2,8,155,319,195
1307,13,7,431,18,1,29,479,1,291,2,3,141,183,157
1308,13,8,479,24,1,22,526,1,345,5,4,159,188,180
1309,13,9,509,13,3,16,541,4,324,3,7,154,204,187
1310,13,10,438,16,1,20,475,5,295,8,9,146,173,159
1311,13,11,505,29,2,22,558,9,337,7,4,144,228,190
1312,13,12,499,13,1,24,537,4,326,8,11,146,193,199
1313,13,13,475,14,3,21,513,12,301,11,10,152,201,163
1314,13,14,602,17,1,23,643,6,383,9,6,182,238,225
1315,13,15,458,12,0,29,499,0,283,9,8,119,213,169
1316,13,16,491,17,3,27,538,2,318,6,6,165,202,172
1317,13,17,539,12,1,21,573,6,353,7,7,151,223,202
1318,13,18,664,36,1,37,738,8,432,5,38,183,292,268
1319,13,19,578,36,3,24,641,25,394,12,5,203,242,197
1320,13,20,506,15,3,25,549,3,342,0,4,161,219,170
1321,13,21,360,30,0,19,409,0,238,1,2,112,161,138
1322,13,22,786,34,2,36,858,2,510,16,9,260,324,278
1323,13,23,419,26,4,25,474,8,259,9,9,158,169,150
1324,13,24,371,15,1,20,407,1,236,13,4,123,153,132
1325,13,25,436,8,2,21,467,3,275,7,10,140,165,165
1401,14,1,555,52,8,142,757,89,160,34,27,267,252,242
1402,14,2,624,12,5,39,680,3,389,10,8,153,282,248
1403,14,3,491,9,2,40,542,4,301,6,6,137,209,200
1404,14,4,760,35,2,42,839,16,485,21,10,189,281,370
1405,14,5,292,15,3,32,342,12,172,15,6,79,122,141
1406,14,6,412,18,0,21,451,2,280,8,5,84,156,213
1407,14,7,403,18,3,53,477,26,205,48,13,156,156,167
1408,14,8,96,1,0,10,107,0,60,10,1,11,54,43
1409,14,9,398,24,1,38,461,32,185,86,21,138,183,140
1410,14,10,550,45,3,84,682,55,264,18,9,161,261,262
1411,14,11,407,18,2,18,445,8,247,22,5,119,175,154
1501,15,1,631,98,11,139,879,261,41,16,19,301,308,272
1502,15,2,562,67,10,133,772,270,34,10,10,249,299,228
1503,15,3,641,110,8,176,935,173,59,65,20,291,358,287
1504,15,4,338,84,10,100,532,104,13,12,12,150,208,175
1505,15,5,418,85,7,78,588,182,2,5,11,193,203,192
1506,15,6,682,88,4,45,819,369,18,3,4,202,405,212
1507,15,7,751,52,9,98,910,88,339,21,17,318,296,300
1508,15,8,416,52,8,81,557,194,19,4,18,181,200,176
1509,15,9,481,78,5,92,656,250,1,8,5,202,254,201
1510,15,10,654,37,5,75,771,52,337,26,13,232,287,257
1511,15,11,500,50,4,80,634,48,184,61,14,225,237,176
1512,15,12,470,48,13,71,602,147,67,21,11,190,221,193
1513,15,13,446,41,6,65,558,143,87,19,8,169,221,169
1514,15,14,420,87,5,72,584,200,10,2,8,171,219,196
1515,15,15,386,51,7,99,543,118,32,40,13,162,199,184
1516,15,16,461,82,5,104,652,172,24,19,11,219,230,206
1517,15,17,430,72,10,94,606,176,19,22,8,183,237,187
1518,15,18,510,71,10,115,706,219,17,9,11,224,292,193
1519,15,19,405,96,7,88,596,181,10,4,12,174,226,197
1601,16,1,401,21,3,41,466,16,246,1,5,146,171,152
1602,16,2,466,22,2,42,532,9,286,11,5,196,194,148
1603,16,3,552,26,1,36,615,10,390,12,7,162,231,223
1604,16,4,430,16,1,21,468,4,301,5,11,141,157,172
1605,16,5,525,18,2,25,570,11,356,7,7,174,205,196
1606,16,6,445,24,0,31,500,10,296,6,4,154,178,169
1607,16,7,490,18,2,24,534,1,341,2,8,141,203,193
1608,16,8,434,14,1,14,463,2,304,3,3,124,165,176
1609,16,9,434,15,1,25,475,2,297,6,6,130,190,157
1610,16,10,336,13,3,13,365,2,217,7,1,125,134,110
1611,16,11,403,14,1,20,438,1,267,3,1,127,150,161
1612,16,12,542,19,2,19,582,5,368,10,5,193,185,205
1613,16,13,398,10,1,9,418,5,273,3,1,105,171,143
1614,16,14,296,18,2,18,334,5,218,4,4,107,121,107
1615,16,15,366,11,1,13,391,1,243,5,3,71,166,157
1616,16,16,386,15,1,17,419,0,280,7,2,71,203,148
1617,16,17,525,8,2,28,563,3,326,7,4,144,229,190
1618,16,18,568,24,5,31,628,10,397,6,14,188,255,187
1701,17,1,425,12,2,25,464,4,258,4,9,133,174,158
1702,17,2,448,7,1,20,476,1,280,5,2,112,190,174
1703,17,3,542,9,2,21,574,1,333,1,3,151,247,177
1704,17,4,552,43,1,29,625,7,283,4,106,140,279,213
1705,17,5,470,13,1,23,507,3,295,5,4,133,208,169
1706,17,6,558,18,3,20,599,5,357,10,6,176,246,179
1707,17,7,695,20,1,28,744,6,435,3,11,198,320,227
1708,17,8,548,16,1,26,591,0,335,3,6,159,238,196
1709,17,9,464,13,3,18,498,2,280,6,3,118,219,163
1710,17,10,572,15,2,22,611,2,348,2,9,176,265,171
1711,17,11,480,12,4,21,517,3,288,5,11,129,227,161
1712,17,12,525,20,3,26,574,3,326,2,5,169,210,196
1713,17,13,555,13,2,26,596,6,338,5,13,168,232,196
1714,17,14,623,16,2,23,664,6,357,11,12,187,245,240
1715,17,15,468,17,1,18,504,2,296,1,3,134,206,166
1716,17,16,439,42,5,72,558,27,214,5,7,129,192,239
1717,17,17,432,20,3,25,480,4,275,4,9,132,201,150
1718,17,18,449,8,3,33,493,7,273,3,9,145,208,144
1719,17,19,438,10,1,12,461,0,291,0,6,138,183,142
1720,17,20,517,10,1,29,557,6,350,7,5,152,227,181
1721,17,21,646,27,7,53,733,19,364,14,17,220,286,231
1722,17,22,500,10,2,25,537,8,301,6,6,153,194,192
1723,17,23,530,93,4,102,729,70,213,13,15,241,279,216
1724,17,24,667,17,4,39,727,4,418,8,10,197,299,232
1725,17,25,452,15,3,19,489,2,287,2,3,135,200,154
1726,17,26,237,0,0,9,246,1,129,0,6,67,99,80
1727,17,27,405,13,2,14,434,0,271,2,7,127,184,124
1728,17,28,438,12,1,18,469,2,295,3,10,138,197,135
1729,17,29,504,12,0,15,531,2,300,8,3,143,219,171
1801,18,1,754,127,11,167,1059,201,54,119,41,382,343,343
1802,18,2,646,116,17,183,962,338,18,25,19,353,324,290
1803,18,3,303,22,2,36,363,7,55,208,7,98,120,146
1804,18,4,406,73,9,79,567,253,8,10,14,188,201,179
1805,18,5,414,112,9,73,608,236,14,18,8,217,221,171
1806,18,6,401,110,5,107,623,225,44,14,14,233,181,209
1807,18,7,397,98,7,75,577,261,5,7,9,190,208,180
1808,18,8,283,24,1,27,335,7,64,172,7,95,114,128
1809,18,9,670,64,4,106,844,81,90,240,23,247,292,305
1810,18,10,473,93,10,87,663,278,11,23,9,192,280,194
1811,18,11,460,120,7,91,678,319,5,11,10,215,251,212
1812,18,12,456,109,5,126,696,285,5,11,6,230,251,215
1813,18,13,393,31,2,52,478,15,43,261,12,136,143,199
1814,18,14,462,46,3,62,573,39,106,192,19,168,205,205
1815,18,15,415,25,3,83,526,55,51,170,19,164,154,211
1816,18,16,468,89,9,92,658,118,27,194,36,205,210,247
1817,18,17,697,79,4,121,901,109,40,366,32,286,274,343
1901,19,1,501,32,2,49,584,8,71,351,23,159,185,248
1902,19,2,572,41,1,67,681,8,42,477,17,162,201,322
1903,19,3,395,22,0,50,467,9,41,304,9,122,133,220
1904,19,4,381,26,0,45,452,8,29,308,12,102,138,215
1905,19,5,333,26,2,30,391,8,30,249,14,95,105,195
1906,19,6,430,25,0,46,501,8,16,373,14,122,154,229
1907,19,7,493,37,0,47,577,4,27,430,21,140,144,297
1908,19,8,501,36,2,38,577,13,34,414,12,164,151,266
1909,19,9,555,50,2,54,661,10,30,473,18,182,180,303
1910,19,10,572,50,0,68,690,18,44,443,20,199,227,267
1911,19,11,609,33,1,72,715,47,110,392,14,230,221,270
1912,19,12,495,29,1,47,572,22,39,373,15,170,179,227
1913,19,13,469,38,2,42,551,6,117,280,17,137,165,252
1914,19,14,193,7,0,17,217,1,56,105,2,64,70,84
1915,19,15,351,27,2,38,418,7,81,216,9,125,105,190
1916,19,16,633,51,1,69,754,11,113,453,21,199,244,314
1917,19,17,324,23,1,39,387,4,52,243,9,103,123,164
1918,19,18,410,18,1,28,457,1,96,246,10,127,114,218
1919,19,19,402,26,3,54,485,8,25,328,16,144,139,208
2001,20,1,720,105,7,150,982,91,181,124,28,245,359,387
2002,20,2,253,22,0,23,298,2,132,51,5,67,120,112
2003,20,3,648,36,8,89,781,39,289,11,13,200,327,262
2004,20,4,573,28,3,24,628,3,299,87,15,175,246,208
2005,20,5,260,21,1,21,303,5,148,33,2,88,97,118
2006,20,6,633,18,3,43,697,16,384,9,12,206,270,222
2007,20,7,1090,151,8,329,1578,161,348,24,15,413,599,582
2008,20,8,192,10,0,30,232,4,68,55,7,73,83,79
2009,20,9,606,74,7,140,827,83,242,15,11,220,339,276
2010,20,10,552,31,2,50,635,8,254,147,12,192,217,229
2011,20,11,472,114,9,218,813,119,36,6,9,275,341,210
2101,21,1,364,134,11,122,631,195,14,4,11,211,222,199
2102,21,2,362,164,8,106,640,201,8,0,6,202,206,236
2103,21,3,378,76,3,72,529,79,105,7,6,167,241,122
2104,21,4,246,135,10,91,482,134,13,3,8,163,155,166
2105,21,5,595,229,9,107,940,340,47,11,12,258,383,299
2106,21,6,312,126,9,110,557,151,21,3,10,207,185,171
2107,21,7,337,151,15,125,628,163,7,4,10,206,212,216
2108,21,8,300,123,9,107,539,130,14,5,9,169,193,178
2109,21,9,369,143,4,108,624,187,11,11,8,209,210,207
2110,21,10,266,100,8,72,446,148,6,4,3,155,155,137
2111,21,11,372,106,6,95,579,131,84,2,6,200,203,177
2112,21,12,314,97,6,90,507,164,5,9,4,176,177,154
2113,21,13,342,113,6,80,541,186,10,7,9,182,195,165
2114,21,14,481,97,6,105,689,198,101,7,15,186,290,215
2115,21,15,387,138,4,83,612,217,16,5,14,205,211,198
2116,21,16,270,130,2,70,472,187,5,6,3,155,179,139
2117,21,17,395,113,6,86,600,244,18,3,10,193,237,172
2118,21,18,309,106,8,69,492,193,6,6,5,148,189,157
2119,21,19,326,80,9,86,501,183,17,1,3,166,184,151
2120,21,20,299,105,9,79,492,168,29,6,6,159,186,147
2121,21,21,354,143,6,97,600,232,23,12,5,207,206,189
2122,21,22,519,197,12,136,864,314,28,4,11,273,307,285
2123,21,23,977,179,25,385,1566,235,180,21,34,383,589,604
2124,21,24,772,72,8,83,935,240,184,11,9,280,373,287
2125,21,25,391,149,8,79,627,256,24,6,15,212,236,179
2126,21,26,334,128,7,84,553,223,14,9,10,176,230,151
2127,21,27,461,141,10,105,717,239,57,9,16,227,280,213
2128,21,28,384,132,4,44,564,273,11,9,6,180,224,160
2129,21,29,580,217,11,139,947,369,67,18,14,331,345,274
2130,21,30,547,144,14,114,819,278,72,16,15,248,351,221
2131,21,31,351,150,7,44,552,282,7,3,6,166,212,175
2132,21,32,366,125,5,48,544,231,47,13,11,171,188,186
2133,21,33,659,212,11,90,972,435,52,8,15,292,374,308
2134,21,34,635,236,12,87,970,441,64,20,17,321,378,276
2135,21,35,438,130,11,97,676,242,26,4,15,225,270,184
2136,21,36,280,101,9,81,471,161,10,5,8,146,171,156
2137,21,37,317,111,3,68,499,225,9,5,2,167,194,139
2138,21,38,388,146,8,49,591,305,20,7,12,186,231,174
2139,21,39,580,213,13,153,959,282,39,18,17,292,366,305
2140,21,40,492,185,10,104,791,297,54,11,10,259,325,209
2141,21,41,462,195,4,64,725,306,59,11,12,228,302,196
2142,21,42,330,153,8,48,539,261,22,11,10,172,201,167
2143,21,43,348,132,7,53,540,227,40,2,4,168,237,137
2144,21,44,344,175,4,42,565,309,4,3,8,203,216,147
2145,21,45,389,122,11,39,561,277,28,4,13,155,255,151
2201,22,1,681,28,2,64,775,250,80,8,7,235,319,222
2202,22,2,634,31,1,66,732,185,131,12,20,236,275,223
2203,22,3,595,19,2,55,671,108,212,10,15,186,307,180
2204,22,4,491,24,4,42,561,81,169,6,12,156,233,174
2205,22,5,576,29,5,63,673,120,155,5,19,192,269,213
2206,22,6,774,24,6,69,873,123,294,16,17,217,383,274
2207,22,7,635,27,5,39,706,110,247,6,19,216,291,204
2208,22,8,452,18,2,38,510,44,206,6,13,151,224,137
2209,22,9,457,14,3,28,502,31,236,7,8,136,201,171
2210,22,10,532,21,5,65,623,68,223,12,7,175,279,169
2211,22,11,388,22,1,38,449,24,181,6,9,144,191,119
2212,22,12,557,18,3,23,601,6,339,4,4,171,231,204
2213,22,13,534,14,3,37,588,7,330,2,6,157,249,184
2214,22,14,645,23,6,40,714,36,338,7,15,211,312,198
2215,22,15,593,10,1,26,630,6,330,3,10,183,261,190
2216,22,16,483,18,7,49,557,49,186,6,14,155,230,176
2217,22,17,429,14,4,31,478,59,181,5,5,140,192,148
2218,22,18,420,8,1,24,453,13,227,5,5,130,202,121
2219,22,19,574,13,3,35,625,20,321,5,8,188,270,169
2220,22,20,411,15,1,27,454,19,227,2,6,123,207,125
2221,22,21,492,8,1,29,530,7,310,3,7,155,229,147
2222,22,22,510,12,7,28,557,4,314,2,12,152,252,156
2223,22,23,460,21,3,31,515,98,155,12,10,156,225,135
2224,22,24,555,19,5,44,623,62,279,2,6,195,258,171
2225,22,25,311,4,4,18,337,28,161,4,1,102,145,90
2226,22,26,481,19,2,17,519,15,282,4,7,165,204,150
2227,22,27,540,11,3,24,578,8,329,1,9,161,239,184
2228,22,28,482,14,3,18,517,5,305,2,4,161,224,134
2229,22,29,502,10,4,26,542,9,297,3,8,150,240,153
2301,23,1,385,41,4,34,464,63,170,62,8,143,174,150
2302,23,2,455,51,0,54,560,123,138,98,11,168,211,184
2303,23,3,355,46,4,33,438,87,74,96,11,124,163,152
2304,23,4,536,69,5,54,664,79,152,135,19,186,247,231
2305,23,5,505,66,1,58,630,87,182,86,16,194,233,208
2306,23,6,671,58,5,67,801,72,282,82,16,247,320,240
2307,23,7,635,57,1,49,742,101,263,83,15,259,270,217
2308,23,8,459,80,2,39,580,87,158,71,14,167,208,209
2309,23,9,458,82,6,42,588,141,135,54,12,171,199,218
2310,23,10,628,110,9,56,803,150,167,107,24,261,251,296
2311,23,11,555,60,7,77,699,30,139,212,45,170,247,291
2312,23,12,544,38,2,75,659,37,179,142,26,184,226,255
2313,23,13,510,91,7,70,678,137,165,67,20,210,228,241
2314,23,14,389,160,2,61,612,263,32,78,8,193,235,194
2315,23,15,447,71,1,42,561,96,141,104,7,173,198,195
2316,23,16,507,32,3,47,589,24,230,106,23,151,195,245
2317,23,17,475,31,0,52,558,22,239,74,20,160,198,203
2318,23,18,507,23,3,27,560,10,306,31,9,119,234,209
2319,23,19,465,34,3,34,536,30,230,39,15,145,221,173
2320,23,20,576,42,3,56,677,63,242,87,18,196,263,222
2321,23,21,654,38,3,42,737,28,344,63,13,206,264,269
2322,23,22,469,48,2,53,572,66,146,131,13,140,231,204
2323,23,23,416,58,0,41,515,98,137,92,11,171,177,174
2401,24,1,402,94,6,133,635,115,49,9,11,236,217,187
2402,24,2,374,32,3,72,481,43,183,7,9,132,179,172
2403,24,3,502,24,5,60,591,20,272,3,10,173,224,197
2404,24,4,413,10,1,50,474,10,249,4,6,149,222,106
2405,24,5,421,61,4,124,610,132,71,8,16,201,216,195
2406,24,6,729,49,10,107,895,66,322,13,53,235,324,341
2407,24,7,482,18,2,39,541,8,299,6,12,144,225,180
2408,24,8,490,27,10,90,617,60,170,9,9,204,211,204
2409,24,9,389,19,0,16,424,8,245,1,8,116,149,163
2410,24,10,505,163,7,405,1080,117,13,8,19,361,319,411
2411,24,11,379,24,2,56,461,15,227,4,9,144,171,147
2412,24,12,428,26,0,24,478,6,292,4,7,110,183,185
2413,24,13,411,14,0,12,437,8,254,3,7,109,164,166
2414,24,14,421,14,1,16,452,5,281,3,6,109,173,170
2415,24,15,331,12,2,16,361,1,217,4,4,94,130,137
2416,24,16,263,9,1,11,284,4,186,1,0,80,100,104
2417,24,17,268,18,0,24,310,4,195,1,5,88,117,111
2418,24,18,399,133,4,315,851,108,9,11,23,420,266,180
2419,24,19,330,85,13,189,617,65,26,4,36,198,237,192
2501,25,1,299,137,7,50,493,241,2,8,6,164,163,168
2502,25,2,366,86,4,42,498,130,91,68,8,122,229,153
2503,25,3,347,149,3,48,547,299,2,8,3,165,205,178
2504,25,4,276,149,4,62,491,254,8,15,7,165,177,150
2505,25,5,287,157,6,44,494,264,1,16,6,146,154,196
2506,25,6,256,107,5,50,418,223,2,8,2,139,142,138
2507,25,7,268,187,2,43,500,274,3,9,3,165,175,160
2508,25,8,322,126,4,55,507,245,16,35,7,158,168,183
2509,25,9,372,40,0,58,470,79,99,123,10,145,180,147
2510,25,10,193,185,1,41,420,227,2,11,6,132,148,140
2511,25,11,329,111,4,46,490,185,27,66,10,140,177,174
2512,25,12,282,161,3,61,507,272,11,24,6,155,196,158
2513,25,13,363,39,1,49,452,46,118,128,11,133,183,141
2514,25,14,342,39,2,37,420,93,57,132,6,120,143,158
2515,25,15,379,52,3,54,488,69,93,156,17,163,154,174
2516,25,16,309,37,1,38,385,23,81,142,9,117,133,138
2517,25,17,353,35,1,48,437,52,95,136,10,103,176,162
2518,25,18,465,64,2,63,594,114,125,168,17,190,214,195
2519,25,19,403,53,1,56,513,69,91,172,16,150,199,167
2520,25,20,504,46,3,95,648,52,134,224,17,224,227,203
2521,25,21,401,55,2,53,511,71,81,159,13,167,154,196
2522,25,22,250,127,2,38,417,216,8,27,6,129,161,130
2523,25,23,358,113,6,52,529,166,83,84,5,166,204,164
2524,25,24,354,93,6,46,499,180,51,73,11,161,205,134
2601,26,1,369,117,7,17,510,337,2,3,6,164,182,165
2602,26,2,515,197,1,25,738,458,1,2,8,256,274,210
2603,26,3,351,155,3,24,533,355,2,4,9,191,208,134
2604,26,4,363,114,4,20,501,315,2,10,4,150,172,179
2605,26,5,322,137,7,33,499,314,2,6,4,159,186,154
2606,26,6,443,125,5,41,614,382,5,5,4,218,226,171
2607,26,7,377,135,1,42,555,351,3,5,6,169,231,155
2608,26,8,392,199,3,31,625,352,1,6,4,190,238,197
2609,26,9,422,135,5,25,587,348,3,4,10,181,227,182
2610,26,10,286,97,5,51,439,220,12,12,14,142,154,144
2611,26,11,385,58,8,49,500,285,4,14,1,152,181,169
2612,26,12,316,165,3,35,519,268,6,12,6,170,198,154
2613,26,13,333,75,1,19,428,288,4,3,10,141,174,114
2614,26,14,331,111,6,28,476,268,0,13,8,164,183,132
2615,26,15,263,109,8,21,401,228,2,5,14,133,144,124
2616,26,16,342,99,4,65,510,203,11,13,19,161,199,153
2617,26,17,296,83,7,56,442,187,13,10,13,146,152,146
2618,26,18,330,100,5,50,485,249,4,13,9,130,201,155
2619,26,19,299,160,2,42,503,244,6,11,11,156,188,159
2620,26,20,61,26,1,11,99,35,11,1,3,45,34,20
2621,26,21,277,101,3,35,416,203,10,4,4,154,145,117
2622,26,22,290,59,2,67,418,168,35,12,11,123,169,128
2623,26,23,760,158,14,109,1041,347,114,15,32,355,400,287
2701,27,1,385,58,7,161,611,119,27,11,13,197,199,219
2702,27,2,449,35,6,130,620,119,31,12,16,187,219,224
2703,27,3,526,111,5,308,950,74,32,11,39,311,337,313
2704,27,4,437,19,2,32,490,2,263,3,6,151,176,165
2705,27,5,373,51,7,164,595,79,47,8,21,191,221,196
2706,27,6,624,66,11,190,891,96,146,20,35,314,295,290
2707,27,7,384,51,6,109,550,91,71,7,25,148,202,223
2708,27,8,426,98,8,197,729,114,13,10,17,233,272,230
2709,27,9,745,143,5,281,1174,175,26,15,28,349,485,348
2710,27,10,227,19,4,92,342,67,15,7,10,106,121,119
2711,27,11,689,136,6,363,1194,136,60,12,53,379,426,403
2712,27,12,384,15,2,24,425,7,244,3,9,127,164,135
2713,27,13,433,33,7,102,575,48,96,6,63,212,173,199
2714,27,14,464,32,10,133,639,106,48,8,27,199,223,218
2715,27,15,463,26,3,53,545,44,227,6,13,165,188,197
2716,27,16,442,49,1,101,593,36,213,4,30,146,198,276
2717,27,17,386,11,1,20,418,3,250,3,6,122,165,135
2718,27,18,716,135,7,292,1150,101,72,22,42,398,417,345
2719,27,19,626,114,10,408,1158,101,48,19,24,470,376,322
2720,27,20,662,72,4,317,1055,81,57,22,56,305,438,326
2721,27,21,492,97,5,260,854,52,41,28,36,266,326,264
2722,27,22,1139,240,10,755,2144,144,43,27,58,765,847,564
2723,27,23,517,53,7,144,721,157,21,21,14,232,239,257
2801,28,1,529,16,3,32,580,10,359,11,6,198,176,208
2802,28,2,404,5,3,23,435,2,272,3,4,141,147,149
2803,28,3,450,14,2,25,491,5,299,3,5,160,168,163
2804,28,4,420,18,1,23,462,2,290,4,7,142,179,144
2805,28,5,525,16,3,20,564,3,374,1,9,167,221,182
2806,28,6,515,13,1,18,547,2,337,3,4,162,185,201
2807,28,7,342,15,2,18,377,7,213,5,4,117,140,120
2808,28,8,593,7,0,17,617,4,361,2,4,180,219,221
2809,28,9,572,24,4,34,634,2,381,1,11,166,237,232
2810,28,10,404,16,3,15,438,0,293,3,0,124,163,152
2811,28,11,317,12,0,8,337,1,190,6,5,110,128,102
2812,28,12,468,18,0,19,505,1,303,10,9,123,192,193
2813,28,13,477,13,1,24,515,2,324,3,7,149,195,175
2814,28,14,373,20,4,26,423,7,269,4,1,124,148,154
2815,28,15,444,19,1,24,488,6,321,7,5,167,162,163
2816,28,16,365,13,1,10,389,2,259,2,2,112,147,131
2817,28,17,422,24,0,21,467,6,300,7,3,109,194,169
2818,28,18,522,13,7,19,561,4,362,3,4,163,229,173
2901,29,1,368,30,11,48,457,60,133,13,6,172,119,166
2902,29,2,243,12,2,10,267,7,155,8,5,74,90,105
2903,29,3,557,51,5,92,705,98,214,6,12,231,245,230
2904,29,4,512,28,0,28,568,1,345,14,18,138,260,173
2905,29,5,267,7,1,6,281,2,176,5,5,94,101,89
2906,29,6,277,13,0,19,309,2,216,1,3,121,102,90
2907,29,7,372,19,0,21,412,1,283,7,7,92,188,136
2908,29,8,335,20,2,19,376,8,235,2,1,113,146,120
2909,29,9,251,12,0,11,274,0,188,1,2,83,107,85
2910,29,10,585,53,9,97,744,63,232,6,17,235,264,248
2911,29,11,442,23,2,41,508,38,186,5,9,154,186,169
2912,29,12,446,20,2,32,500,17,246,5,6,147,173,182
2913,29,13,463,23,1,26,513,11,306,6,6,147,185,186
2914,29,14,296,12,1,14,323,7,183,7,4,94,117,114
2915,29,15,419,16,0,18,453,6,279,6,8,119,189,147
2916,29,16,409,15,3,24,451,6,288,2,2,135,182,136
2917,29,17,323,10,1,18,352,3,202,1,4,91,145,120
2918,29,18,374,17,0,19,410,2,234,2,2,119,141,153
3001,30,1,853,90,13,165,1121,203,204,17,17,386,376,361
3002,30,2,466,61,11,76,614,91,149,5,8,200,230,188
3003,30,3,521,65,4,115,705,166,38,10,14,212,243,251
3004,30,4,337,29,3,53,422,32,115,3,14,158,155,114
3005,30,5,404,42,6,94,546,65,112,12,7,183,192,174
3006,30,6,598,70,9,104,781,128,97,6,17,269,293,223
3007,30,7,852,137,15,221,1225,297,39,16,32,422,447,359
3008,30,8,578,64,2,97,741,209,12,15,17,225,265,252
3009,30,9,622,81,8,126,837,155,108,11,12,302,316,223
3010,30,10,382,61,9,71,523,58,102,5,11,190,183,153
3011,30,11,449,74,9,90,622,87,111,4,11,211,244,169
3012,30,12,507,52,7,85,651,76,183,9,9,206,260,187
3013,30,13,632,63,5,113,813,111,163,11,18,295,285,235
3014,30,14,431,37,4,112,584,86,86,10,13,182,220,182
3015,30,15,613,47,7,92,759,131,147,9,16,243,297,222
3016,30,16,512,86,9,127,734,200,47,5,16,270,252,218
3017,30,17,887,204,15,238,1344,244,127,14,30,465,497,385
3101,31,1,382,67,6,90,545,137,24,85,14,209,192,149
3102,31,2,323,57,2,44,426,52,26,188,40,114,147,170
3103,31,3,317,75,5,90,487,201,11,15,8,152,183,154
3104,31,4,405,145,6,78,634,269,6,17,9,207,223,206
3105,31,5,325,95,10,57,487,208,5,8,6,161,179,148
3106,31,6,277,129,1,71,478,212,10,3,12,174,178,126
3107,31,7,523,157,10,93,783,350,20,27,11,279,257,247
3108,31,8,424,154,6,105,689,190,52,112,28,208,240,246
3109,31,9,369,59,4,90,522,89,21,162,25,172,178,179
3110,31,10,258,49,6,57,370,113,23,53,12,135,124,112
3111,31,11,442,82,2,84,610,123,44,115,52,191,201,227
3112,31,12,416,64,4,77,561,111,48,116,34,179,197,188
3113,31,13,336,78,6,71,491,199,6,12,10,173,173,145
3114,31,14,347,105,7,71,530,245,5,18,7,187,192,153
3115,31,15,368,161,7,59,595,250,5,16,11,208,210,177
3116,31,16,398,144,4,63,609,275,6,16,18,199,211,199
3117,31,17,277,101,7,46,431,192,10,22,13,154,139,140
3118,31,18,248,93,4,48,393,167,7,14,8,107,149,138
3119,31,19,287,93,3,39,422,211,7,16,6,124,141,161
3201,32,1,322,17,3,9,351,2,214,7,4,122,136,95
3202,32,2,465,23,0,19,507,4,314,7,4,108,224,177
3203,32,3,371,16,0,20,407,3,259,3,6,111,152,147
3204,32,4,404,16,4,17,441,1,263,7,5,137,163,141
3205,32,5,203,44,3,57,307,36,61,3,5,91,128,92
3206,32,6,356,36,0,75,467,43,154,4,4,135,190,143
3207,32,7,729,106,7,223,1065,123,181,12,17,308,390,378
3208,32,8,377,61,2,121,561,66,135,6,7,186,242,139
3209,32,9,487,41,3,88,619,30,256,5,12,236,200,191
3210,32,10,424,18,2,18,462,4,277,3,4,147,180,140
3211,32,11,539,36,10,81,666,42,267,9,13,215,255,203
3212,32,12,517,27,3,64,611,28,299,12,13,199,229,186
3213,32,13,324,24,3,21,372,5,216,8,3,110,122,140
3214,32,14,240,11,0,12,263,0,168,1,3,83,91,89
3215,32,15,395,27,1,19,442,14,261,5,6,157,129,160
3216,32,16,415,17,2,21,455,5,302,5,2,140,188,128
3217,32,17,324,17,3,19,363,1,230,3,4,113,130,120
3218,32,18,493,15,1,21,530,0,343,6,4,134,217,181
3219,32,19,429,14,1,20,464,1,291,2,1,148,164,153
3220,32,20,341,12,1,18,372,3,243,6,6,95,142,136
3221,32,21,413,20,3,14,450,2,269,2,8,138,170,144
3222,32,22,356,12,0,13,381,2,244,0,3,108,144,130
3223,32,23,432,11,0,28,471,3,286,5,5,144,166,165
3224,32,24,344,9,0,18,371,1,248,0,1,113,150,113
3225,32,25,433,10,1,25,469,1,305,7,6,128,179,162
3226,32,26,437,11,3,18,469,4,320,7,3,161,181,131
3227,32,27,305,9,1,13,328,1,200,2,6,109,131,90
3228,32,28,639,24,3,20,686,4,446,11,5,180,290,218
3229,32,29,373,11,0,12,396,0,259,6,3,95,152,152
3230,32,30,419,18,1,13,451,2,258,5,8,121,172,160
3231,32,31,433,13,2,23,471,3,271,6,8,134,166,173
3301,33,1,400,63,1,61,525,65,24,223,40,139,176,218
3302,33,2,410,76,1,57,544,70,23,269,30,136,196,213
3303,33,3,324,57,3,51,435,71,33,177,26,116,169,155
3304,33,4,354,61,3,32,450,67,45,180,15,142,172,138
3305,33,5,381,56,2,37,476,53,83,176,11,119,185,174
3306,33,6,488,72,1,75,636,54,70,254,22,159,197,283
3307,33,7,625,59,2,72,758,69,113,296,32,201,250,312
3308,33,8,480,51,3,47,581,49,87,202,30,150,208,228
3309,33,9,472,72,0,53,597,74,70,220,21,169,204,226
3310,33,10,409,46,6,54,515,48,69,212,23,136,183,203
3311,33,11,526,83,5,72,686,61,92,257,36,191,229,271
3312,33,12,598,74,4,70,746,44,68,338,50,202,236,314
3313,33,13,463,75,3,67,608,58,68,250,29,172,202,238
3314,33,14,413,57,1,49,520,70,76,200,24,150,172,203
3315,33,15,457,43,2,53,555,53,87,226,20,142,185,230
3316,33,16,395,47,0,41,483,53,60,170,24,143,154,189
3317,33,17,406,41,1,44,492,20,79,248,6,142,169,187
3318,33,18,417,33,3,43,496,39,110,180,10,137,193,170
3319,33,19,530,41,0,52,623,52,122,262,21,172,207,250
3320,33,20,423,36,0,47,506,37,100,198,17,138,170,204
3321,33,21,360,19,0,47,426,24,110,142,16,107,148,174
3322,33,22,594,63,1,71,729,38,123,301,28,200,248,289
3323,33,23,418,45,2,43,508,41,95,209,18,133,159,219
3324,33,24,500,41,0,44,585,55,115,216,15,165,202,222
3401,34,1,445,13,1,17,476,3,254,7,9,129,186,163
3402,34,2,583,17,2,26,628,9,363,5,10,161,278,192
3403,34,3,450,9,2,18,479,1,311,2,4,123,202,154
3404,34,4,380,8,5,19,412,2,266,1,3,123,169,125
3405,34,5,443,9,0,17,469,7,264,4,4,123,210,137
3406,34,6,601,19,5,35,660,4,368,9,10,191,252,220
3407,34,7,550,15,5,27,597,2,338,4,6,157,258,187
3408,34,8,627,14,5,27,673,4,406,5,15,168,278,229
3409,34,9,442,13,1,24,480,3,278,6,9,144,197,142
3410,34,10,611,11,3,36,661,4,407,5,11,183,258,221
3411,34,11,623,17,2,31,673,2,392,2,6,212,265,199
3412,34,12,630,17,8,20,675,3,385,4,10,179,275,223
3413,34,13,567,22,4,27,620,23,307,1,9,172,228,221
3414,34,14,707,22,4,50,783,21,363,6,8,239,322,227
3415,34,15,643,13,2,27,685,5,373,13,17,166,340,184
3416,34,16,476,29,3,32,540,34,264,2,6,162,193,187
3417,34,17,556,32,4,40,632,31,309,3,10,174,249,211
3418,34,18,555,25,2,36,618,25,301,1,4,164,237,219
3419,34,19,782,31,4,47,864,48,392,8,13,247,323,297
3420,34,20,714,34,6,49,803,32,383,10,8,204,297,306
3421,34,21,669,25,1,44,739,32,355,6,6,191,297,253
3422,34,22,560,27,7,40,634,68,254,12,8,169,247,224
3423,34,23,450,80,7,64,601,156,96,15,6,176,209,217
3424,34,24,645,26,8,26,705,29,340,5,8,208,261,238
3425,34,25,500,108,10,147,765,124,151,13,19,247,276,246
3426,34,26,381,14,1,24,420,8,224,2,7,103,177,144
3427,34,27,499,25,2,29,555,38,245,2,10,151,206,204
3428,34,28,479,20,1,33,533,59,227,5,8,144,212,178
3429,34,29,515,14,2,31,562,37,237,1,10,131,211,223
3430,34,30,497,24,3,31,555,37,241,8,9,132,214,211
3431,34,31,537,37,1,49,624,52,258,2,12,157,230,237
3432,34,32,427,12,5,16,460,30,200,3,8,131,196,135
3433,34,33,549,19,2,30,600,31,250,5,8,139,216,249
3434,34,34,457,44,3,32,536,105,174,3,8,175,222,140
3435,34,35,383,15,2,11,411,4,233,2,7,105,171,136
3436,34,36,366,15,3,16,400,4,228,2,8,127,169,106
3437,34,37,459,14,4,18,495,20,217,4,8,114,212,172
3438,34,38,451,14,3,23,491,9,282,3,4,141,195,157
3439,34,39,509,30,4,38,581,45,241,10,12,142,232,208
3440,34,40,454,16,1,20,491,30,212,1,8,130,192,170
3441,34,41,626,27,5,41,699,30,323,6,8,192,265,243
3442,34,42,452,13,1,26,492,4,284,7,4,137,203,155
3501,35,1,509,106,3,71,689,165,120,53,17,217,269,207
3502,35,2,415,162,5,66,648,178,98,72,12,200,244,207
3503,35,3,414,99,6,61,580,170,81,69,19,190,217,177
3504,35,4,325,75,3,47,450,100,57,62,14,138,160,153
3505,35,5,460,254,2,51,767,358,89,47,8,194,350,224
3506,35,6,458,95,5,51,609,100,149,78,25,162,227,221
3507,35,7,485,149,1,76,711,196,102,57,29,234,260,221
3508,35,8,384,59,9,42,494,123,106,43,19,148,193,156
3509,35,9,577,97,6,62,742,127,182,98,18,183,275,288
3510,35,10,427,53,4,31,515,75,171,58,17,145,197,175
3511,35,11,443,60,2,40,545,52,158,52,22,136,194,219
3512,35,12,436,74,1,38,549,73,145,76,34,151,210,190
3513,35,13,576,39,2,48,665,52,240,71,7,171,263,233
3514,35,14,388,35,2,38,463,40,177,39,14,101,196,168
3515,35,15,407,32,4,44,487,55,164,56,10,128,208,151
3516,35,16,462,35,2,45,544,41,185,67,8,140,210,198
3517,35,17,453,39,2,40,534,46,178,66,11,152,175,210
3518,35,18,493,30,2,39,564,26,229,59,11,133,225,209
3519,35,19,459,43,1,29,532,40,210,50,23,158,184,192
3520,35,20,413,55,5,52,525,61,152,53,27,157,187,182
3521,35,21,503,44,2,37,586,42,178,85,22,141,224,230
3522,35,22,539,48,2,33,622,49,239,98,12,165,243,216
3523,35,23,497,25,3,45,570,35,195,85,22,155,223,197
3524,35,24,441,34,1,38,514,59,169,47,12,122,192,202
3525,35,25,365,59,1,36,461,79,121,55,12,128,166,169
3526,35,26,367,42,4,28,441,43,124,78,17,113,187,145
3527,35,27,265,45,4,37,351,25,72,49,48,99,115,138
3528,35,28,446,20,1,24,491,21,237,44,11,97,208,189
3529,35,29,353,54,3,58,468,35,107,62,69,129,169,177
3530,35,30,382,50,3,47,482,44,89,64,56,146,145,195
3531,35,31,383,32,1,47,463,44,143,56,17,112,185,168
3532,35,32,340,118,4,44,506,166,74,39,17,149,203,157
3601,36,1,413,27,2,50,492,37,193,9,7,169,168,156
3602,36,2,373,28,3,41,445,37,179,4,5,140,176,130
3603,36,3,393,19,3,38,453,22,198,1,9,142,167,146
3604,36,4,315,16,2,18,351,5,187,4,5,94,147,110
3605,36,5,428,27,7,35,497,14,258,6,10,138,183,177
3606,36,6,482,15,1,55,553,26,275,6,7,171,199,186
3607,36,7,398,16,4,40,458,17,228,10,6,161,139,161
3608,36,8,432,10,0,26,468,14,250,8,9,145,170,154
3609,36,9,388,19,1,36,444,15,213,4,6,131,153,162
3610,36,10,448,22,3,36,509,17,263,3,14,153,185,174
3611,36,11,428,21,5,28,482,15,250,7,17,119,193,174
3612,36,12,361,12,1,29,403,10,209,4,6,124,137,144
3613,36,13,462,18,1,26,507,13,306,5,17,156,185,167
3614,36,14,377,36,3,26,442,85,195,4,3,123,209,113
3615,36,15,438,9,4,22,473,6,296,7,4,142,171,161
3616,36,16,487,14,1,25,527,6,303,4,14,144,208,175
3617,36,17,374,10,3,33,420,9,245,1,6,116,169,137
3618,36,18,401,23,0,16,440,4,272,1,6,119,173,150
3619,36,19,480,13,1,27,521,4,340,3,6,149,202,173
3620,36,20,342,10,3,13,368,10,206,1,4,122,133,114
3621,36,21,412,13,3,25,453,8,284,9,3,139,182,132
3622,36,22,391,12,0,25,428,2,273,3,5,119,160,150
3623,36,23,402,15,2,31,450,12,249,7,5,131,176,144
3624,36,24,407,26,1,27,461,39,244,2,7,143,195,128
3625,36,25,488,46,2,26,562,92,241,5,11,153,242,169
3626,36,26,352,36,4,22,414,90,147,8,9,114,174,127
3627,36,27,418,58,3,35,514,152,127,10,15,174,178,165
3628,36,28,545,29,6,26,606,39,322,13,11,211,229,169
3629,36,29,284,66,3,95,448,75,33,14,72,148,125,176
3630,36,30,331,22,0,40,393,31,182,4,16,118,140,137
3631,36,31,418,48,5,50,521,50,170,8,62,144,186,192
3632,36,32,479,17,1,33,530,23,277,8,9,166,198,172
3633,36,33,558,56,3,36,653,104,287,3,6,183,245,226
3634,36,34,364,37,8,86,495,65,116,9,6,146,187,164
3635,36,35,494,45,2,66,607,64,210,11,11,224,211,174
3636,36,36,501,21,6,73,601,53,221,10,11,199,202,205
3637,36,37,554,41,6,83,684,86,201,15,25,221,222,242
3638,36,38,392,27,2,42,463,26,187,7,26,135,178,153
3639,36,39,483,30,3,70,586,41,191,11,10,211,213,162
3640,36,40,566,23,6,53,648,43,286,11,13,212,237,202
3641,36,41,300,39,5,61,405,46,113,3,61,135,145,130
3701,37,1,226,8,2,17,253,5,137,29,1,81,90,82
3702,37,2,465,29,5,62,561,35,233,9,10,179,221,166
3703,37,3,341,6,4,22,373,5,212,20,7,116,115,145
3704,37,4,435,27,1,64,527,20,230,17,8,177,158,198
3705,37,5,439,22,1,25,487,9,299,20,4,109,225,156
3706,37,6,390,22,2,23,437,14,228,31,10,150,123,166
3707,37,7,516,19,6,30,571,19,359,14,7,189,178,206
3708,37,8,441,20,0,21,482,0,327,12,8,154,166,166
3709,37,9,348,15,2,22,387,2,215,34,2,117,158,114
3710,37,10,454,15,3,28,500,5,287,29,3,149,171,180
3711,37,11,445,14,2,21,482,7,295,10,4,145,165,175
3712,37,12,393,3,2,17,415,3,246,8,4,119,161,137
3713,37,13,416,30,1,26,473,5,165,161,7,110,160,205
3714,37,14,556,21,5,36,618,4,283,126,12,171,199,250
3715,37,15,453,20,3,31,507,11,133,235,15,137,169,204
3716,37,16,451,42,2,41,536,2,132,230,11,138,170,231
3717,37,17,407,25,3,44,479,13,134,190,14,106,174,202
3718,37,18,565,35,2,50,652,6,165,300,18,163,207,290
3719,37,19,426,34,0,43,503,7,68,306,10,147,150,211
3720,37,20,438,26,0,54,518,4,82,299,14,132,165,226
3721,37,21,579,34,2,59,674,5,204,247,9,175,244,263
3801,38,1,384,16,0,23,423,7,262,4,5,83,171,174
3802,38,2,637,22,5,23,687,9,428,8,2,166,251,270
3803,38,3,704,25,1,28,758,2,483,5,4,208,306,249
3804,38,4,568,20,2,12,602,1,388,6,5,165,238,199
3805,38,5,574,20,2,12,608,4,390,1,5,158,227,226
3806,38,6,595,22,3,36,656,3,405,2,4,189,267,203
3807,38,7,583,19,1,29,632,4,410,4,7,153,264,216
3808,38,8,518,10,2,17,547,2,332,3,5,162,213,173
3809,38,9,748,85,13,126,972,68,315,13,15,306,387,284
3810,38,10,509,23,0,27,559,16,329,5,3,143,227,189
3811,38,11,333,60,6,41,440,202,13,8,5,148,170,123
3812,38,12,408,62,6,93,569,171,57,17,11,193,211,167
3813,38,13,416,78,2,92,588,230,15,8,13,191,248,150
3814,38,14,383,66,7,93,549,172,32,3,7,172,215,162
3815,38,15,420,74,7,111,612,163,53,2,6,214,209,191
3816,38,16,351,79,9,95,534,188,18,5,13,185,197,153
3817,38,17,563,43,3,81,690,56,209,9,17,220,286,187
3818,38,18,375,73,7,67,522,210,20,7,10,179,215,129
3819,38,19,274,30,3,28,335,18,122,2,2,92,138,107
3820,38,20,280,78,6,57,421,160,10,5,6,134,164,129
3821,38,21,609,19,1,24,653,0,423,3,7,174,226,256
3901,39,1,347,78,1,49,475,229,6,17,10,138,166,172
3902,39,2,297,38,2,36,373,111,45,13,31,118,114,142
3903,39,3,498,65,3,37,603,331,5,9,7,168,222,214
3904,39,4,309,62,2,37,410,193,11,13,16,154,133,124
3905,39,5,355,36,5,47,443,102,99,37,23,126,154,165
3906,39,6,413,38,2,20,473,257,2,3,3,158,156,159
3907,39,7,621,67,4,39,731,357,2,9,1,223,259,249
3908,39,8,437,55,6,57,555,273,7,17,15,186,212,158
3909,39,9,357,27,2,50,436,63,110,36,22,141,133,163
3910,39,10,451,34,4,54,543,73,183,18,59,175,195,179
3911,39,11,280,39,1,51,371,75,42,13,63,123,118,132
3912,39,12,298,76,4,35,413,198,6,10,22,137,160,121
3913,39,13,432,53,2,59,546,137,105,14,51,135,213,202
3914,39,14,199,162,2,20,383,248,2,0,13,120,136,127
3915,39,15,544,58,3,33,638,340,1,3,3,174,222,242
3916,39,16,285,58,2,44,389,130,33,17,30,125,132,134
3917,39,17,297,49,5,57,408,114,35,19,37,108,146,158
3918,39,18,234,55,1,44,334,130,16,23,20,104,113,118
3919,39,19,240,46,3,50,339,106,22,14,47,106,115,122
3920,39,20,501,49,3,44,597,353,2,7,11,191,205,203
3921,39,21,606,47,5,20,678,354,3,5,6,187,234,259
3922,39,22,426,51,6,55,538,247,32,14,22,194,168,177
3923,39,23,263,35,3,38,339,66,32,10,53,99,81,161
3924,39,24,577,73,2,54,706,268,80,45,29,188,238,283
3925,39,25,469,97,5,50,621,350,2,12,8,222,221,181
3926,39,26,469,86,7,81,643,243,12,13,27,207,217,221
3927,39,27,392,75,2,69,538,233,3,16,33,162,190,188
3928,39,28,421,32,3,52,508,40,211,12,20,165,162,182
3929,39,29,363,53,5,20,441,262,1,7,7,126,163,152
3930,39,30,476,59,4,100,639,237,14,15,19,207,258,175
3931,39,31,425,104,5,39,573,323,3,6,8,185,204,184
3932,39,32,321,42,1,58,422,135,34,20,21,135,135,154
3933,39,33,338,79,3,25,445,251,2,10,7,129,154,166
3934,39,34,329,45,4,64,442,185,25,16,35,122,152,169
3935,39,35,435,71,4,69,579,269,11,15,32,183,205,195
3936,39,36,422,97,6,26,551,341,1,9,4,170,187,194
3937,39,37,465,88,4,60,617,301,6,6,12,186,219,212
3938,39,38,481,77,3,68,629,295,8,14,29,195,197,238
3939,39,39,425,99,3,39,566,347,1,12,4,181,201,186
3940,39,40,341,37,5,70,453,62,71,18,85,137,146,177
3941,39,41,405,120,4,34,563,348,0,5,8,177,226,160
3942,39,42,367,87,5,46,505,279,6,5,9,167,189,151
3943,39,43,337,73,2,33,445,252,7,4,7,116,160,170
3944,39,44,407,102,4,53,566,277,16,17,31,162,214,193
3945,39,45,565,89,12,86,752,303,7,10,13,247,287,221
3946,39,46,543,91,10,88,732,334,5,11,22,243,280,213
4001,40,1,334,42,3,22,401,47,160,2,23,119,147,139
4002,40,2,456,18,1,27,502,3,313,1,4,155,163,186
4003,40,3,721,23,4,46,794,14,455,4,5,194,313,293
4004,40,4,604,20,3,42,669,5,433,8,6,134,356,184
4005,40,5,711,27,0,31,769,6,481,4,9,179,322,270
4006,40,6,457,24,2,39,522,35,280,4,7,149,190,186
4007,40,7,585,20,3,28,636,6,356,9,7,170,252,216
4008,40,8,442,9,2,24,477,5,284,1,3,157,166,157
4009,40,9,565,21,3,43,632,5,337,3,9,178,262,196
4010,40,10,400,24,1,50,475,23,234,1,18,129,186,162
4011,40,11,608,40,2,50,700,38,348,2,25,317,179,211
4012,40,12,448,29,1,38,516,26,247,2,15,136,214,172
4013,40,13,586,21,8,34,649,26,353,3,7,168,253,233
4014,40,14,585,38,1,48,672,41,286,5,23,179,245,252
4015,40,15,368,13,3,31,415,30,207,1,17,128,149,140
4016,40,16,413,25,3,35,476,23,213,2,14,130,179,171
4017,40,17,345,48,0,24,417,36,186,2,14,119,148,152
4018,40,18,384,15,2,23,424,18,213,2,9,117,152,155
4019,40,19,454,50,3,46,553,26,237,6,63,169,207,182
4020,40,20,376,29,5,35,445,20,204,5,31,139,180,130
4021,40,21,343,29,3,40,415,23,155,4,64,119,171,132
4022,40,22,339,24,4,20,387,21,186,3,5,103,150,138
4023,40,23,445,29,6,47,527,19,216,1,29,133,182,215
4024,40,24,626,27,3,50,706,20,365,2,16,178,259,272
4025,40,25,428,27,1,52,508,23,228,3,25,138,185,187
4026,40,26,420,25,2,24,471,17,233,7,21,143,175,160
4027,40,27,361,23,3,28,415,25,198,5,3,115,152,149
4028,40,28,606,50,4,44,704,73,304,5,34,208,269,231
4029,40,29,473,32,1,30,536,24,272,3,7,147,187,204
4030,40,30,599,25,1,32,657,24,300,8,14,172,315,173
4031,40,31,465,26,0,23,514,48,240,2,9,140,191,185
4032,40,32,485,30,2,44,561,25,243,5,21,151,197,214
4033,40,33,359,23,1,20,403,18,184,7,19,122,148,137
4034,40,34,273,11,1,14,299,3,164,3,9,69,110,122
4035,40,35,462,24,5,26,517,59,222,3,12,145,186,190
4036,40,36,443,39,5,31,518,37,244,4,5,140,184,198
4037,40,37,588,59,3,54,704,83,272,6,21,205,266,236
4038,40,38,678,21,6,22,727,31,383,4,17,206,282,243
4039,40,39,392,17,1,31,441,25,223,4,7,118,158,166
4040,40,40,737,50,7,63,857,33,395,6,16,264,314,280
4041,40,41,436,20,0,15,471,25,217,7,11,134,162,180
4042,40,42,529,30,3,53,615,29,252,11,14,195,237,185
4043,40,43,375,28,6,29,438,52,196,7,17,121,137,183
4044,40,44,530,22,0,27,579,28,316,2,7,177,216,189
4045,40,45,527,23,3,30,583,32,288,3,14,159,229,195
4046,40,46,507,32,0,30,569,32,306,8,10,167,201,202
4047,40,47,174,7,1,8,190,4,117,1,3,35,90,69
4048,40,48,497,37,3,27,564,72,203,10,10,156,207,201
4049,40,49,461,48,8,33,550,115,158,2,25,151,202,197
4050,40,50,459,27,2,27,515,61,218,1,17,142,212,163
4051,40,51,422,23,2,27,474,32,213,2,6,136,168,172
4101,41,1,388,63,3,39,493,108,103,70,10,133,188,177
4102,41,2,444,63,2,35,544,128,118,70,8,168,221,157
4103,41,3,339,49,1,39,428,93,85,53,12,110,185,134
4104,41,4,437,77,3,49,566,190,75,62,13,165,195,207
4105,41,5,242,65,0,34,341,98,42,47,7,111,112,124
4106,41,6,386,77,5,53,521,184,55,62,18,171,196,156
4107,41,7,326,73,4,38,441,125,77,63,11,133,175,135
4108,41,8,431,74,3,48,556,155,85,54,7,155,225,180
4109,41,9,351,81,4,37,473,143,73,57,5,129,179,167
4110,41,10,377,64,3,46,490,146,48,59,6,156,170,165
4111,41,11,309,84,7,32,432,141,55,37,16,128,161,144
4112,41,12,361,55,2,45,463,163,64,58,13,139,196,131
4113,41,13,404,100,0,42,546,196,67,53,12,171,217,163
4114,41,14,386,78,3,35,502,192,58,43,7,162,177,163
4115,41,15,387,81,3,61,532,186,71,36,21,179,199,155
4116,41,16,246,67,2,33,348,113,37,26,9,110,135,104
4117,41,17,284,76,2,23,385,180,22,25,6,123,140,123
4118,41,18,285,81,4,26,396,163,22,28,8,123,146,128
4119,41,19,282,101,3,34,420,174,35,31,6,123,158,142
4120,41,20,379,63,5,33,480,155,60,43,8,142,188,150
4121,41,21,317,88,3,39,447,180,49,37,6,130,170,150
4122,41,22,345,58,1,51,455,135,42,46,11,133,174,149
4123,41,23,373,95,3,45,516,217,30,44,9,143,204,171
4124,41,24,395,79,1,42,517,231,39,25,11,159,193,166
4125,41,25,398,94,2,61,555,199,52,58,12,165,196,197
4126,41,26,300,59,6,31,396,156,43,23,7,120,157,121
4201,42,1,663,77,3,105,848,55,131,314,35,228,267,356
4202,42,2,422,46,1,47,516,21,57,243,39,136,168,219
4203,42,3,546,45,5,54,650,37,119,273,14,166,239,250
4204,42,4,503,38,1,58,600,12,110,260,19,161,210,234
4205,42,5,669,56,2,67,794,30,185,301,31,201,275,327
4206,42,6,438,67,3,56,564,34,79,186,83,149,205,218
4207,42,7,485,42,2,60,589,22,111,249,19,149,207,237
4208,42,8,550,63,1,75,689,27,79,278,49,167,214,314
4209,42,9,463,56,2,65,586,25,126,190,40,146,186,260
4210,42,10,484,64,2,64,614,20,121,197,57,166,201,253
4211,42,11,687,40,2,61,790,35,199,240,35,200,272,325
4212,42,12,521,35,1,57,614,17,202,118,23,170,208,238
4213,42,13,840,29,4,80,953,15,366,220,25,221,339,400
4214,42,14,627,47,0,80,754,29,214,161,35,229,242,288
4215,42,15,623,63,3,78,767,33,235,111,63,201,219,353
4216,42,16,545,56,5,64,670,21,201,136,57,195,226,255
4217,42,17,527,35,2,42,606,29,181,162,34,150,194,265
4218,42,18,575,59,2,52,688,51,200,126,40,171,247,272
4219,42,19,624,58,3,75,760,36,203,126,54,205,267,293
4220,42,20,669,32,2,67,770,21,295,138,39,209,264,302
4221,42,21,388,26,1,27,442,17,173,78,25,122,179,145
4222,42,22,640,51,2,55,748,37,147,280,27,193,257,304
4223,42,23,336,39,1,29,405,18,55,167,14,117,137,156
4224,42,24,577,41,3,48,669,37,192,122,54,186,229,265
4225,42,25,449,20,1,46,516,23,200,23,34,156,174,189
4301,43,1,448,25,4,31,508,20,280,19,7,160,164,187
4302,43,2,636,38,2,49,725,20,212,258,29,169,250,311
4303,43,3,584,36,3,54,677,10,126,317,20,169,219,293
4304,43,4,592,52,3,59,706,13,173,312,27,185,240,282
4305,43,5,548,27,3,70,648,6,191,284,11,168,208,281
4306,43,6,548,35,2,60,645,9,79,380,19,155,211,287
4307,43,7,749,43,2,67,861,4,185,428,18,196,286,387
4308,43,8,585,36,1,60,682,8,170,298,19,177,225,288
4309,43,9,441,21,1,32,495,15,250,21,9,150,176,173
4310,43,10,406,13,2,24,445,7,265,13,10,147,159,143
4311,43,11,367,31,0,40,438,8,30,280,17,111,152,182
4312,43,12,512,48,1,45,606,10,63,336,26,169,177,264
4313,43,13,450,29,1,37,517,12,192,120,14,148,185,192
4314,43,14,478,19,1,35,533,10,302,24,9,141,203,191
4315,43,15,418,12,2,20,452,4,257,31,5,134,186,133
4316,43,16,459,18,1,31,509,5,224,108,9,142,180,189
4317,43,17,428,34,3,53,518,13,78,301,10,144,158,222
4318,43,18,651,55,5,84,795,16,72,471,27,190,236,373
4319,43,19,622,34,2,66,724,5,189,287,24,169,236,326
4320,43,20,510,36,2,46,594,4,99,307,22,140,184,277
4321,43,21,403,13,4,32,452,9,146,149,12,122,164,172
4322,43,22,287,14,0,11,312,6,193,1,5,89,115,110
4323,43,23,345,12,0,25,382,8,209,15,7,111,145,128
4324,43,24,421,16,2,30,469,2,267,17,11,122,181,168
4325,43,25,453,36,3,38,530,5,188,180,13,137,184,216
4401,44,1,514,20,1,32,567,5,326,3,3,162,241,165
4402,44,2,556,14,4,33,607,3,383,2,9,161,267,183
4403,44,3,442,16,0,21,479,0,293,2,8,139,201,140
4404,44,4,476,31,3,17,527,1,305,3,6,148,210,173
4405,44,5,400,17,0,24,441,14,247,8,5,136,165,143
4406,44,6,561,37,1,24,623,7,353,2,6,166,253,207
4407,44,7,550,24,2,21,597,1,356,2,4,152,265,183
4408,44,8,437,14,4,28,483,20,238,12,10,141,200,142
4409,44,9,429,13,1,17,460,2,276,2,7,117,166,179
4410,44,10,397,13,1,30,441,9,248,2,7,114,178,151
4411,44,11,607,11,2,27,647,11,381,5,10,167,281,203
4412,44,12,306,9,0,15,330,1,217,2,9,81,140,109
4413,44,13,448,7,3,21,479,5,299,1,2,122,185,174
4414,44,14,486,15,4,24,529,4,313,4,2,156,207,169
4415,44,15,468,14,2,35,519,3,286,6,9,157,202,165
4416,44,16,423,15,5,24,467,2,253,2,10,139,168,163
4417,44,17,361,5,3,21,390,3,207,5,8,125,135,131
4418,44,18,420,10,1,25,456,2,247,5,5,125,195,139
4419,44,19,485,22,3,30,540,10,317,1,5,160,207,176
4501,45,1,289,232,5,38,564,294,1,13,12,161,208,196
4502,45,2,394,124,2,53,573,184,58,102,10,176,191,209
4503,45,3,437,379,5,53,874,440,5,16,3,256,301,318
4504,45,4,353,235,4,57,649,386,1,4,5,202,246,202
4505,45,5,358,201,4,57,620,331,12,23,10,193,222,209
4506,45,6,333,171,2,62,568,301,7,14,3,206,210,153
4507,45,7,257,121,4,51,433,219,3,16,3,124,165,146
4508,45,8,417,102,2,56,577,121,100,124,10,219,164,199
4509,45,9,454,63,5,48,570,106,103,163,11,204,202,170
4510,45,10,453,66,2,52,573,77,109,189,10,165,198,214
4511,45,11,473,75,3,59,610,99,124,163,21,190,213,213
4512,45,12,227,83,3,36,349,141,25,35,4,99,129,124
4513,45,13,395,86,3,51,535,114,96,114,11,159,180,198
4514,45,14,107,29,1,17,154,59,4,27,5,46,54,55
4515,45,15,304,178,6,54,542,297,2,8,5,156,202,186
4516,45,16,340,48,2,52,442,70,69,135,11,112,181,155
4517,45,17,517,88,2,66,673,117,129,170,12,197,254,225
4518,45,18,361,73,4,49,487,93,96,129,5,141,178,170
4519,45,19,440,63,1,41,545,65,113,155,11,164,202,183
4520,45,20,341,231,8,34,614,344,1,4,2,206,232,178
4521,45,21,319,77,2,32,430,92,89,71,10,127,152,154
4522,45,22,260,175,4,47,486,269,3,4,1,139,186,161
4523,45,23,331,208,2,34,575,326,11,7,2,180,205,190
4524,45,24,388,279,3,55,725,385,3,7,5,196,253,277
4525,45,25,263,188,4,44,499,259,8,14,4,170,171,158
4601,46,1,566,31,13,135,745,144,83,9,31,238,268,241
4602,46,2,507,21,8,96,632,87,171,8,7,208,248,181
4603,46,3,574,18,4,85,681,39,273,6,10,215,239,231
4604,46,4,455,17,3,20,495,10,282,1,4,135,205,159
4605,46,5,477,8,0,29,514,3,315,5,6,129,222,167
4606,46,6,647,15,2,29,693,3,395,2,4,194,261,238
4607,46,7,489,17,11,89,606,94,136,9,14,179,264,166
4608,46,8,650,28,7,146,831,129,148,16,25,254,310,275
4609,46,9,539,12,5,111,667,76,141,11,20,192,249,230
4610,46,10,467,16,4,44,531,27,227,9,10,147,203,181
4611,46,11,544,18,2,38,602,10,311,3,5,172,223,212
4612,46,12,605,15,1,25,646,2,379,1,7,162,245,240
4613,46,13,510,18,2,18,548,4,321,3,5,143,226,182
4614,46,14,414,11,2,22,449,2,253,0,8,106,185,159
4615,46,15,551,8,2,13,574,1,335,1,9,154,258,162
4616,46,16,622,40,11,98,771,129,128,10,31,259,263,252
4617,46,17,706,46,5,149,906,221,96,8,29,279,368,260
4618,46,18,446,34,4,110,594,89,84,4,25,187,224,186
4619,46,19,698,57,12,155,922,167,101,11,32,260,355,310
4620,46,20,502,7,1,23,533,3,310,5,7,134,246,156
4621,46,21,435,8,0,25,468,2,268,2,6,137,193,142
4622,46,22,664,27,7,98,796,60,285,6,16,221,329,252
4623,46,23,588,31,10,138,767,119,78,12,25,221,312,239
4701,47,1,565,42,7,107,721,62,256,34,14,288,192,245
4702,47,2,335,27,3,61,426,18,160,9,11,138,143,146
4703,47,3,646,55,11,150,862,79,203,15,27,253,393,222
4704,47,4,238,9,1,23,271,13,149,4,4,100,78,97
4705,47,5,346,16,3,29,394,7,210,7,7,104,178,113
4706,47,6,401,39,2,89,531,35,162,4,12,188,191,160
4707,47,7,346,15,3,51,415,23,156,3,7,140,151,126
4708,47,8,404,18,4,48,474,13,232,5,5,109,201,165
4709,47,9,289,12,1,21,323,5,189,4,9,94,147,84
4710,47,10,225,17,0,26,268,18,129,3,1,91,96,81
4711,47,11,306,13,0,12,331,0,212,3,2,87,118,126
4712,47,12,603,84,2,206,895,92,157,13,24,269,340,297
4713,47,13,300,7,2,13,322,2,182,2,7,93,134,97
4714,47,14,201,14,0,15,230,7,127,13,4,88,75,68
4801,48,1,422,26,3,56,507,51,176,5,40,144,211,161
4802,48,2,514,23,1,33,571,15,291,5,19,152,207,218
4803,48,3,579,25,3,48,655,9,351,5,14,163,254,240
4804,48,4,567,19,3,19,608,9,316,9,7,179,227,205
4805,48,5,374,20,3,53,450,49,168,7,28,132,176,144
4806,48,6,438,21,0,30,489,15,257,3,7,137,193,160
4807,48,7,386,68,4,39,497,148,140,3,27,124,202,172
4808,48,8,556,20,3,40,619,37,287,7,8,164,245,212
4809,48,9,380,34,0,41,455,21,204,5,34,127,176,159
4810,48,10,388,58,8,31,485,139,102,11,27,155,170,161
4811,48,11,213,4,0,12,229,2,132,7,3,47,116,68
4812,48,12,459,63,2,64,588,105,161,19,36,173,198,220
4813,48,13,473,79,5,80,637,118,143,12,86,191,204,247
4814,48,14,289,42,5,62,398,95,41,9,46,129,120,149
4815,48,15,522,42,6,39,609,91,235,6,18,165,246,203
4816,48,16,411,58,5,39,513,70,153,9,23,135,184,196
4817,48,17,468,60,3,55,586,89,182,15,23,174,216,203
4818,48,18,287,42,1,68,398,40,89,7,58,106,138,157
4819,48,19,251,75,1,39,366,131,28,11,46,101,117,151
4820,48,20,295,50,5,77,427,103,27,11,43,138,148,144
4821,48,21,970,36,3,36,1045,14,659,13,11,241,458,351
4822,48,22,153,90,7,25,275,111,26,0,27,90,97,89
4823,48,23,590,24,0,43,657,3,348,14,14,147,275,239
4901,49,1,570,25,0,42,637,12,179,227,21,164,226,251
4902,49,2,679,44,3,44,770,17,389,19,34,193,307,273
4903,49,3,985,23,3,65,1076,25,580,10,22,343,446,289
4904,49,4,576,20,1,34,631,7,371,19,8,165,245,223
4905,49,5,691,27,7,42,767,14,429,20,13,245,278,247
4906,49,6,532,12,1,34,579,12,309,4,14,174,212,196
4907,49,7,758,31,3,37,829,5,451,13,14,266,277,288
4908,49,8,690,24,6,52,772,38,390,19,13,226,311,240
4909,49,9,1012,52,5,83,1152,18,418,224,66,293,435,436
4910,49,10,604,16,1,44,665,8,345,13,15,180,266,224
4911,49,11,613,30,2,42,687,11,339,12,28,180,278,233
4912,49,12,699,32,3,51,785,4,429,15,21,232,291,267
4913,49,13,407,22,3,29,461,6,200,69,4,131,167,164
4914,49,14,521,38,0,39,598,8,336,37,6,162,226,215
4915,49,15,603,27,3,33,666,5,405,18,11,190,258,221
4916,49,16,623,20,2,28,673,5,394,15,18,193,256,224
4917,49,17,724,22,5,53,804,12,426,20,17,234,290,286
4918,49,18,622,19,4,38,683,31,334,3,14,215,301,171
4919,49,19,667,24,2,31,724,7,396,44,6,182,269,280
4920,49,20,657,26,2,46,731,10,408,9,12,202,282,250
4921,49,21,880,48,3,73,1004,20,526,19,24,312,371,327
4922,49,22,855,27,5,39,926,16,506,31,15,254,338,340
5001,50,1,503,11,6,18,538,4,308,4,13,144,228,167
5002,50,2,647,13,4,29,693,9,417,1,5,188,297,210
5003,50,3,643,11,2,44,700,7,384,8,9,206,273,225
5004,50,4,617,5,2,25,649,4,376,5,7,169,311,171
5005,50,5,595,20,3,24,642,14,367,2,7,183,279,181
5006,50,6,522,15,1,21,559,3,315,5,9,148,253,160
5007,50,7,686,14,5,25,730,7,442,0,8,230,306,197
5008,50,8,655,19,4,30,708,8,379,2,6,184,295,232
5009,50,9,611,8,5,20,644,8,340,3,17,185,281,183
5010,50,10,538,13,7,35,593,11,334,2,8,163,257,173
5011,50,11,428,12,0,22,462,4,256,3,9,131,193,138
5012,50,12,595,19,0,28,642,7,355,3,7,173,273,196
5013,50,13,533,16,4,30,583,2,344,4,6,181,224,181
5014,50,14,505,9,4,22,540,8,319,3,6,159,226,155
5015,50,15,540,16,2,18,576,6,329,2,8,158,251,168
5016,50,16,724,22,0,37,783,11,435,9,11,216,338,230
5017,50,17,590,6,4,34,634,5,341,1,10,183,291,161
5018,50,18,565,11,2,28,606,4,378,2,6,157,266,184
5019,50,19,696,7,3,31,737,6,455,3,11,216,281,244
5020,50,20,651,22,2,22,697,6,403,0,10,198,266,234
5021,50,21,729,16,2,28,775,15,460,4,13,232,334,210
5022,50,22,687,5,4,24,720,4,402,6,8,185,309,226
5023,50,23,468,6,0,13,487,4,282,2,5,131,206,150
5024,50,24,653,18,1,38,710,7,405,6,7,201,289,223
5025,50,25,519,13,4,30,566,8,297,1,8,152,223,191
5026,50,26,595,12,2,26,635,4,379,5,5,191,259,186
5027,50,27,556,10,3,20,589,6,346,1,5,175,256,159
5028,50,28,672,8,0,33,713,6,413,6,8,205,274,237
5029,50,29,704,18,2,32,756,7,432,3,8,204,286,270
5030,50,30,540,6,2,30,578,2,326,6,6,148,248,184
5101,51,1,432,17,0,18,467,6,304,1,5,134,181,154
5102,51,2,447,11,3,22,483,13,258,6,9,140,183,161
5103,51,3,508,15,2,21,546,7,305,1,5,166,203,180
5104,51,4,467,12,0,22,501,4,290,1,5,132,194,179
5105,51,5,517,18,4,48,587,12,303,4,7,144,243,201
5106,51,6,557,16,4,124,701,85,174,11,18,205,290,208
5107,51,7,419,12,3,34,468,4,272,6,4,140,182,148
5108,51,8,468,13,1,15,497,6,288,2,5,130,203,165
5109,51,9,454,13,2,23,492,3,299,5,2,131,171,193
5110,51,10,407,39,3,21,470,45,232,2,6,120,187,165
5111,51,11,403,13,0,23,439,7,254,1,6,119,162,158
5112,51,12,536,19,3,25,583,5,350,4,8,154,237,194
5113,51,13,563,19,3,32,617,4,350,6,8,180,248,191
5114,51,14,543,19,1,54,617,33,290,3,8,176,245,196
5115,51,15,527,11,5,26,569,4,304,2,3,164,232,175
5116,51,16,478,9,0,24,511,1,324,1,9,124,190,199
5117,51,17,503,19,2,28,552,3,329,3,4,143,209,201
5118,51,18,568,4,4,25,601,2,353,1,5,161,234,207
5119,51,19,411,10,0,11,432,1,266,3,5,117,192,124
5120,51,20,450,17,5,23,495,4,294,2,6,135,192,171
5121,51,21,371,11,1,27,410,2,250,1,7,110,156,145
5122,51,22,502,17,2,22,543,1,319,3,6,148,205,193
5123,51,23,416,15,2,20,453,2,260,5,6,129,181,148
5124,51,24,552,23,2,40,617,3,377,3,7,177,222,223
5125,51,25,630,21,0,35,686,19,387,2,10,167,289,231
5126,51,26,441,18,0,14,473,13,284,1,0,100,183,190
5127,51,27,439,13,0,13,465,2,282,1,11,131,175,162
5128,51,28,518,19,2,22,561,3,324,1,3,154,222,189
5201,52,1,392,12,1,24,429,5,240,3,8,122,164,144
5202,52,2,446,32,9,36,523,64,152,3,22,122,272,131
5203,52,3,251,40,3,56,350,42,56,7,15,106,125,122
5204,52,4,245,22,1,38,306,23,98,7,10,105,131,71
5205,52,5,571,145,9,176,901,104,238,8,14,237,336,337
5206,52,6,440,18,7,30,495,50,188,6,10,120,198,178
5207,52,7,497,49,7,77,630,68,175,11,16,141,277,213
5208,52,8,608,37,4,31,680,57,341,10,14,175,310,197
5209,52,9,568,57,4,47,676,80,271,9,13,172,320,187
5210,52,10,451,26,5,24,506,60,178,1,11,132,237,138
5211,52,11,572,44,5,53,674,49,273,7,11,169,269,237
5212,52,12,641,99,15,58,813,160,239,5,9,250,311,257
5213,52,13,594,22,6,40,662,18,342,10,9,185,283,194
5214,52,14,495,59,2,82,638,54,236,6,15,189,250,203
5215,52,15,604,37,4,54,699,16,360,9,8,212,240,253
5216,52,16,770,31,8,61,870,55,396,9,14,258,376,241
5217,52,17,629,22,3,30,684,5,375,4,9,190,287,207
5218,52,18,555,15,3,21,594,8,351,4,5,156,246,197
5219,52,19,573,19,6,38,636,11,366,6,4,195,253,194
5220,52,20,491,38,3,37,569,42,257,6,11,154,236,183
5221,52,21,594,25,2,22,643,4,427,3,4,186,266,196
5222,52,22,600,12,0,18,630,2,366,0,0,156,267,210
5223,52,23,610,10,5,26,651,3,384,5,8,179,265,207
5224,52,24,602,13,3,30,648,5,386,3,6,175,274,203
5225,52,25,719,21,3,28,771,4,444,6,8,211,301,263
5226,52,26,619,21,3,31,674,4,374,1,10,201,278,196
5227,52,27,643,11,3,35,692,4,421,5,6,199,282,212
5228,52,28,386,41,6,57,490,98,132,13,6,130,230,131
5301,53,1,465,53,1,41,560,78,148,59,29,153,207,206
5302,53,2,525,35,2,54,616,65,167,85,16,160,224,237
5303,53,3,446,34,0,49,529,62,139,65,30,141,200,191
5304,53,4,496,54,1,48,599,62,187,55,25,151,208,243
5305,53,5,542,54,5,66,667,69,199,80,36,191,211,268
5306,53,6,411,41,2,54,508,97,135,55,30,156,189,165
5307,53,7,434,53,3,67,557,49,159,52,45,136,200,227
5308,53,8,348,48,2,27,425,59,113,44,18,113,163,150
5309,53,9,343,32,0,52,427,50,100,54,30,112,163,154
5310,53,10,310,42,2,36,390,72,91,45,13,115,151,136
5311,53,11,338,50,4,42,434,85,86,48,33,133,161,142
5312,53,12,421,82,3,66,572,118,95,52,39,171,214,190
5313,53,13,432,43,1,52,528,80,105,57,31,142,188,201
5314,53,14,361,76,3,41,481,93,81,39,38,136,172,177
5315,53,15,369,119,4,45,537,153,55,48,23,158,231,150
5316,53,16,340,82,4,50,476,144,33,59,38,143,176,163
5317,53,17,323,88,5,53,469,157,43,39,27,137,151,184
5318,53,18,403,103,6,56,568,165,72,46,29,157,195,220
5319,53,19,399,88,3,72,562,149,77,31,37,141,220,203
5320,53,20,385,124,6,64,579,216,49,61,25,194,216,173
5321,53,21,411,200,2,57,670,230,68,53,22,201,252,219
5322,53,22,390,69,3,42,504,132,73,51,35,134,186,189
5323,53,23,336,38,0,45,419,49,75,74,29,114,175,135
5401,54,1,410,35,3,45,493,67,150,52,20,139,213,145
5402,54,2,545,38,3,55,641,52,204,66,19,170,246,229
5403,54,3,379,27,7,35,448,64,107,52,24,143,164,143
5404,54,4,386,23,0,63,472,56,116,56,21,105,196,178
5405,54,5,363,43,2,54,462,60,102,59,37,127,156,183
5406,54,6,403,43,3,37,486,72,94,61,31,142,188,161
5407,54,7,361,51,5,57,474,96,79,45,39,137,173,164
5408,54,8,331,39,4,53,427,106,78,31,32,122,150,161
5409,54,9,403,49,2,51,505,102,105,58,23,124,200,184
5410,54,10,320,65,2,46,433,116,53,45,37,128,164,143
5411,54,11,295,30,5,34,364,64,75,38,31,107,137,124
5412,54,12,372,40,1,49,462,65,96,50,30,139,150,173
5413,54,13,365,50,2,45,462,71,88,70,29,130,161,177
5414,54,14,265,36,3,46,350,82,51,36,22,90,126,140
5415,54,15,246,49,2,41,338,94,40,35,32,113,113,115
5416,54,16,289,55,1,56,401,88,47,37,38,109,143,154
5417,54,17,314,35,1,38,388,84,69,49,22,120,147,125
5418,54,18,355,55,3,47,460,93,82,45,28,123,173,165
5419,54,19,261,33,1,41,336,110,40,39,26,102,128,113
5420,54,20,320,49,2,63,434,102,66,30,42,122,166,150
5421,54,21,315,43,3,54,415,120,39,50,27,116,155,147
5422,54,22,309,49,2,40,400,102,37,52,26,112,137,152
5501,55,1,391,104,0,30,525,168,49,66,13,154,194,180
5502,55,2,447,117,1,49,614,182,97,62,14,185,216,217
5503,55,3,422,127,3,64,616,186,60,68,9,180,196,243
5504,55,4,441,83,6,36,566,195,59,54,8,160,191,216
5505,55,5,432,98,4,44,578,180,67,70,9,154,220,205
5506,55,6,367,121,2,47,537,196,46,46,14,163,169,206
5507,55,7,509,106,3,50,668,219,63,65,12,195,230,247
5508,55,8,284,139,6,48,477,196,21,19,11,136,157,185
5509,55,9,284,102,3,40,429,152,38,51,9,116,163,152
5510,55,10,334,86,4,41,465,140,70,35,12,139,159,170
5511,55,11,317,166,7,34,524,244,17,33,4,141,165,219
5512,55,12,297,174,4,33,508,251,13,18,9,131,181,196
5513,55,13,255,152,3,25,435,181,6,26,12,108,153,175
5514,55,14,338,130,5,36,509,226,13,23,12,137,168,204
5515,55,15,339,128,4,51,522,224,23,19,16,157,183,185
5516,55,16,352,166,3,46,567,243,26,28,16,172,186,209
5517,55,17,312,164,6,42,524,240,28,27,11,159,191,176
5518,55,18,263,133,3,44,443,205,15,13,10,137,168,141
5519,55,19,241,224,3,33,501,247,5,7,9,157,178,166
5520,55,20,300,170,2,36,508,223,8,16,6,156,166,186
5521,55,21,342,184,3,50,579,285,10,14,10,158,211,212
5522,55,22,282,145,3,41,471,216,24,15,5,157,149,166
5523,55,23,245,102,2,37,386,155,14,12,13,126,143,119
5524,55,24,315,200,4,35,554,244,20,30,8,160,203,194
5525,55,25,400,131,3,40,574,204,76,42,10,174,220,183
5526,55,26,405,129,3,46,583,220,46,55,6,177,200,208
5527,55,27,300,119,4,27,450,199,32,32,12,142,176,135
5528,55,28,314,107,3,35,459,207,31,31,6,132,188,142
5529,55,29,391,198,3,55,647,279,33,45,14,192,216,241
5601,56,1,427,97,4,61,589,188,56,52,46,175,222,195
5602,56,2,294,89,5,45,433,181,23,40,32,152,158,127
5603,56,3,258,74,1,46,379,129,32,25,22,120,136,125
5604,56,4,305,113,5,42,465,160,53,31,13,150,183,137
5605,56,5,220,93,2,66,381,139,25,28,5,121,136,127
5606,56,6,425,200,0,38,663,345,19,24,21,195,283,185
5607,56,7,437,170,7,59,673,303,42,39,12,237,239,198
5608,56,8,527,213,7,60,807,419,31,55,20,256,268,285
5609,56,9,302,128,5,62,497,208,35,20,18,186,185,128
5610,56,10,273,133,5,42,453,188,18,24,9,154,168,133
5611,56,11,246,103,4,57,410,157,21,23,14,131,160,121
5612,56,12,376,105,2,50,533,219,29,30,19,165,182,188
5613,56,13,303,77,7,46,433,166,25,37,22,128,177,130
5614,56,14,286,65,4,45,400,147,24,29,19,128,145,129
5615,56,15,268,82,4,45,399,148,23,34,22,116,149,135
5616,56,16,305,93,9,54,461,197,19,28,8,143,172,149
5617,56,17,353,92,3,56,504,185,35,27,32,151,185,170
5618,56,18,277,99,2,55,433,182,17,14,18,136,166,134
5619,56,19,503,187,1,99,790,268,46,33,60,248,288,261
5620,56,20,269,45,2,44,360,135,14,23,18,107,127,127
5621,56,21,412,82,6,82,582,197,38,25,20,171,216,198
5622,56,22,437,90,2,58,587,297,12,8,16,126,173,290
5623,56,23,405,123,9,52,589,244,25,41,21,186,205,202
5624,56,24,330,75,4,77,486,177,32,17,39,145,174,169
5625,56,25,486,61,2,39,588,153,42,38,19,203,241,145
5626,56,26,347,107,4,61,519,223,20,41,23,175,171,176
5627,56,27,276,71,3,28,378,185,14,21,11,122,139,120
5628,56,28,327,70,2,55,454,152,51,27,23,153,154,148
5629,56,29,421,91,2,60,574,295,23,17,13,140,208,230
5630,56,30,608,185,12,140,945,337,61,15,32,257,318,373
5631,56,31,446,132,4,83,665,281,26,21,40,194,248,227
5632,56,32,240,103,3,35,381,172,17,21,12,124,132,126
5633,56,33,250,86,5,44,385,132,27,28,23,120,146,120
5634,56,34,360,51,6,40,457,92,92,20,20,146,205,107
5635,56,35,362,68,6,54,490,146,80,27,23,146,204,141
5636,56,36,278,57,4,39,378,139,32,18,14,119,154,105
5637,56,37,292,88,2,47,429,151,30,25,18,143,163,124
5638,56,38,335,106,6,56,503,173,55,20,24,149,210,148
5639,56,39,452,111,13,90,666,213,41,23,41,216,252,201
5640,56,40,305,64,1,48,418,125,39,43,35,121,150,152
5641,56,41,624,119,8,118,869,253,130,41,33,269,333,273
5701,57,1,326,176,4,55,561,308,15,14,3,165,221,178
5702,57,2,495,196,7,59,757,328,82,29,8,240,286,233
5703,57,3,374,200,5,58,637,292,21,17,18,194,209,236
5704,57,4,317,125,2,33,477,216,15,42,23,147,191,139
5705,57,5,288,100,7,39,434,163,21,34,31,132,160,143
5706,57,6,739,127,9,95,970,316,137,44,29,299,386,291
5707,57,7,490,99,7,86,682,167,111,42,19,216,288,182
5708,57,8,414,163,5,68,650,261,33,25,49,193,222,237
5709,57,9,282,96,4,41,423,167,19,28,17,131,136,158
5710,57,10,486,166,11,71,734,245,46,38,44,249,244,243
5711,57,11,364,187,5,42,598,307,15,38,7,164,229,205
5712,57,12,315,208,4,58,585,314,15,18,9,210,185,190
5713,57,13,320,313,3,42,678,406,1,4,4,226,247,205
5714,57,14,315,214,2,38,569,324,4,10,7,187,226,156
5715,57,15,376,155,5,53,589,269,36,17,16,186,217,187
5716,57,16,269,161,7,33,470,238,7,18,10,145,182,144
5717,57,17,328,173,2,39,542,293,8,4,7,159,209,175
5718,57,18,371,169,11,41,592,303,27,9,5,180,225,187
5719,57,19,292,108,2,31,433,223,15,12,6,139,148,147
5720,57,20,299,117,3,51,470,190,23,23,25,123,172,177
5721,57,21,253,125,2,41,421,216,12,16,11,142,165,115
5722,57,22,277,129,7,22,435,261,2,3,5,138,167,130
5723,57,23,408,134,5,49,596,261,32,22,23,163,211,224
5724,57,24,282,115,7,43,447,175,33,21,9,138,155,155
5725,57,25,301,121,6,44,472,229,19,16,16,143,179,150
5726,57,26,452,79,0,53,584,170,107,23,29,162,237,187
5727,57,27,650,69,7,79,805,114,222,51,28,267,339,203
5728,57,28,274,123,3,32,432,244,7,1,3,130,145,158
5801,58,1,297,94,6,80,477,165,17,18,33,122,164,196
5802,58,2,326,61,2,60,449,99,49,25,35,144,175,138
5803,58,3,608,236,9,146,999,317,35,27,123,270,329,403
5804,58,4,307,317,5,47,676,357,5,0,8,219,232,225
5805,58,5,670,289,14,144,1117,418,70,49,31,345,369,406
5806,58,6,318,173,7,58,556,273,5,24,19,153,204,201
5807,58,7,277,152,1,36,466,216,15,20,17,130,155,184
5808,58,8,529,180,10,134,853,318,53,33,48,229,267,362
5809,58,9,331,208,1,40,580,336,3,25,12,182,227,172
5810,58,10,398,168,11,59,636,297,4,31,23,165,223,248
5811,58,11,312,191,3,73,579,251,25,18,30,173,205,203
5812,58,12,331,137,11,81,560,202,13,23,30,162,174,227
5813,58,13,303,181,7,57,548,233,6,13,51,165,201,188
5814,58,14,234,149,3,47,433,215,3,14,29,129,136,172
5815,58,15,277,70,4,60,411,98,12,7,70,99,132,185
5816,58,16,288,199,4,40,531,265,3,7,17,161,191,179
5817,58,17,382,174,3,80,639,225,7,26,81,202,207,230
5818,58,18,503,138,7,114,762,204,63,25,63,220,276,271
5819,58,19,449,236,13,63,761,365,4,32,31,230,285,249
5820,58,20,382,151,6,67,606,220,40,15,6,183,235,190
5821,58,21,335,279,7,61,682,351,15,17,8,227,242,214
5822,58,22,267,185,8,50,510,228,13,18,19,147,165,198
5823,58,23,378,201,9,56,644,291,17,31,34,189,222,239
5824,58,24,519,236,3,69,827,374,48,19,10,360,269,199
5825,58,25,369,159,9,72,609,211,30,24,41,200,184,231
5826,58,26,390,174,1,53,618,285,4,16,19,188,194,237
5827,58,27,440,140,3,106,689,234,41,17,46,184,246,264
5828,58,28,341,155,5,42,543,240,9,19,33,184,194,166
5829,58,29,489,288,10,73,860,420,12,25,16,255,307,301
5830,58,30,313,152,7,71,543,249,8,8,38,154,174,221
5831,58,31,548,203,8,86,845,330,63,19,58,239,306,306
5832,58,32,189,82,6,67,344,161,6,6,16,104,120,120
5833,58,33,294,146,4,97,541,214,10,7,14,147,166,232
5834,58,34,352,171,6,70,599,300,8,12,20,167,193,242
5835,58,35,620,256,10,95,981,558,9,17,21,210,336,436
5836,58,36,246,63,5,62,376,102,18,12,36,100,115,162
5837,58,37,384,155,7,75,621,306,6,11,21,162,221,239
5838,58,38,258,114,7,98,477,192,4,13,10,152,142,186
5839,58,39,291,227,4,46,568,294,4,12,10,191,227,150
5840,58,40,281,138,4,68,491,207,10,14,42,128,150,215
5841,58,41,432,364,3,56,855,459,13,14,13,284,304,271
5842,58,42,287,143,3,56,489,244,16,21,18,164,179,152
5843,58,43,275,109,8,49,441,204,10,13,21,123,141,177
5844,58,44,523,165,7,69,764,478,10,6,4,160,328,279
5901,59,1,557,20,2,35,614,6,355,5,5,159,293,163
5902,59,2,587,16,5,32,640,7,361,6,6,168,262,214
5903,59,3,577,20,3,29,629,2,341,8,9,172,248,216
5904,59,4,733,22,0,40,795,43,424,5,9,231,318,248
5905,59,5,645,24,5,33,707,5,401,10,7,200,281,233
5906,59,6,494,12,2,27,535,8,310,6,7,148,204,185
5907,59,7,514,24,1,46,585,16,301,5,5,155,239,197
5908,59,8,496,18,4,31,549,6,325,6,11,155,222,174
5909,59,9,436,11,1,16,464,5,253,5,5,140,192,135
5910,59,10,894,31,7,45,977,6,547,15,12,260,391,327
5911,59,11,463,12,4,20,499,4,271,4,13,114,213,174
5912,59,12,479,14,0,32,525,13,261,8,4,141,211,177
5913,59,13,593,18,3,28,642,5,358,0,5,217,250,177
5914,59,14,396,7,1,23,427,2,240,2,7,112,181,135
5915,59,15,444,31,1,34,510,20,250,5,14,168,205,139
5916,59,16,550,22,3,47,622,21,328,8,12,194,261,175
5917,59,17,715,32,9,70,826,106,304,8,23,285,323,222
5918,59,18,528,19,3,36,586,50,270,3,12,170,267,149
5919,59,19,657,20,9,58,744,115,240,7,16,238,277,229
5920,59,20,208,30,6,62,306,27,50,0,5,85,102,120
5921,59,21,512,29,6,49,596,78,206,3,16,191,261,145
5922,59,22,485,22,5,79,591,124,163,8,12,203,238,151
5923,59,23,435,23,7,24,489,23,252,3,8,138,199,156
5924,59,24,373,12,2,38,425,31,171,1,8,132,179,114
5925,59,25,467,23,5,54,549,72,186,1,11,156,254,141
6001,60,1,304,15,3,46,368,16,155,5,10,104,171,97
6002,60,2,558,14,1,36,609,20,305,9,12,188,241,181
6003,60,3,440,12,6,32,490,7,267,3,6,150,189,154
6004,60,4,471,17,0,19,507,3,295,1,5,161,199,150
6005,60,5,580,15,1,26,622,6,360,4,13,176,248,202
6006,60,6,529,20,3,23,575,7,352,1,5,177,239,162
6007,60,7,466,18,1,21,506,3,275,0,9,116,211,180
6008,60,8,375,10,6,46,437,25,188,5,4,134,203,103
6009,60,9,700,27,8,85,820,62,297,6,20,273,301,252
6010,60,10,391,11,3,28,433,2,254,4,4,110,159,164
6011,60,11,573,11,5,33,622,1,392,3,5,173,267,183
6012,60,12,441,24,2,36,503,24,248,5,5,148,212,144
6013,60,13,401,15,1,30,447,12,239,1,7,126,176,147
6014,60,14,556,9,1,33,599,5,345,7,20,153,260,188
6015,60,15,492,9,4,24,529,5,321,3,8,145,225,161
6016,60,16,527,9,1,27,564,4,316,2,10,163,236,170
6017,60,17,609,19,1,19,648,8,377,4,6,185,263,206
6018,60,18,501,19,0,34,554,2,334,6,7,164,216,174
6019,60,19,527,11,5,30,573,2,335,2,6,160,240,173
6020,60,20,543,19,3,24,589,1,370,2,6,154,240,196
6021,60,21,362,11,2,15,390,3,237,2,10,109,147,138
6022,60,22,436,12,0,19,467,3,280,4,4,134,171,164
6023,60,23,481,23,3,59,566,19,245,3,23,179,212,178
6101,61,1,484,40,5,34,563,24,219,58,44,162,217,188
6102,61,2,533,29,3,35,600,18,263,28,36,166,216,221
6103,61,3,500,41,3,44,588,30,188,68,52,162,212,218
6104,61,4,507,38,2,61,608,36,203,86,44,179,212,223
6105,61,5,459,51,2,40,552,31,172,57,53,155,201,199
6106,61,6,810,46,5,47,908,56,388,35,36,234,316,362
6107,61,7,655,54,3,50,762,57,286,59,24,205,269,290
6108,61,8,517,43,1,62,623,30,230,58,48,157,202,266
6109,61,9,606,41,6,45,698,27,294,37,32,177,281,247
6110,61,10,592,57,3,75,727,29,234,85,60,177,256,298
6111,61,11,540,20,2,45,607,18,239,49,24,138,229,240
6112,61,12,614,18,1,51,684,6,317,24,11,216,323,148
6113,61,13,573,37,4,42,656,19,284,66,28,166,245,250
6114,61,14,526,41,3,51,621,31,270,53,21,174,229,224
6115,61,15,469,38,2,45,554,21,212,41,43,144,205,207
6116,61,16,467,31,1,52,551,28,180,40,43,133,181,240
6117,61,17,422,49,4,48,523,74,167,25,28,133,195,198
6118,61,18,579,58,7,76,720,22,270,49,69,189,254,283
6119,61,19,460,42,5,44,551,22,179,31,55,149,197,207
6120,61,20,475,10,2,25,512,13,251,14,8,132,199,182
6121,61,21,703,33,4,37,777,31,369,16,25,253,317,208
6122,61,22,496,32,2,34,564,29,233,12,13,150,230,185
6123,61,23,528,37,7,55,627,71,265,20,13,186,247,196
6124,61,24,382,31,2,32,447,39,173,24,15,135,175,138
6125,61,25,458,27,3,32,520,36,231,18,20,148,177,200
6126,61,26,455,43,2,41,541,44,224,27,12,145,220,179
6127,61,27,563,25,2,28,618,25,266,12,25,176,232,211
6128,61,28,502,15,5,24,546,15,282,7,10,142,220,187
6201,62,1,638,76,2,60,776,120,221,143,17,210,318,255
6202,62,2,555,52,3,71,681,76,192,140,14,174,277,232
6203,62,3,404,59,3,31,497,117,93,81,8,164,191,145
6204,62,4,676,58,5,43,782,77,289,124,15,227,315,248
6205,62,5,395,51,3,37,486,64,122,70,17,129,210,150
6206,62,6,589,86,5,75,755,121,238,51,14,256,275,226
6207,62,7,565,36,6,49,656,67,194,100,16,154,253,252
6208,62,8,582,38,4,54,678,73,228,68,21,177,237,267
6209,62,9,487,48,3,44,582,56,192,68,18,159,237,188
6210,62,10,439,32,3,38,512,59,135,79,14,138,184,191
6211,62,11,596,55,4,47,702,89,198,111,20,183,248,276
6212,62,12,469,47,3,36,555,70,162,83,11,155,194,209
6213,62,13,626,56,7,68,757,100,222,112,18,217,281,263
6214,62,14,563,43,3,39,648,85,184,90,19,184,237,229
6215,62,15,467,65,2,43,577,99,118,113,20,154,235,190
6216,62,16,482,59,3,47,591,103,137,89,15,170,217,207
6217,62,17,477,80,4,48,609,149,127,66,10,175,256,181
6218,62,18,388,73,3,31,495,136,65,78,12,147,193,157
6219,62,19,398,83,3,39,523,152,73,78,10,162,200,164
6220,62,20,446,50,4,54,554,91,104,103,18,157,215,187
6221,62,21,305,62,5,36,408,105,40,72,11,123,151,138
6222,62,22,434,73,8,37,552,152,75,69,8,176,208,171
6223,62,23,283,58,0,37,378,104,54,52,14,110,139,131
6224,62,24,335,69,6,43,453,126,56,58,16,136,170,150
6225,62,25,352,104,6,58,520,191,55,68,19,142,215,164
6226,62,26,436,75,3,49,563,149,111,64,11,172,212,179
6301,63,1,318,223,6,55,602,291,17,13,5,182,216,204
6302,63,2,275,212,11,58,556,289,10,14,5,194,209,153
6303,63,3,364,308,5,65,742,356,12,16,11,253,269,222
6304,63,4,366,279,4,65,714,284,14,32,40,229,245,242
6305,63,5,301,197,0,38,536,263,17,35,6,172,215,152
6306,63,6,436,222,7,71,736,240,61,59,17,238,282,217
6307,63,7,178,80,2,6,266,193,0,0,1,51,138,77
6308,63,8,307,203,7,52,569,282,17,30,16,184,215,171
6309,63,9,317,223,8,73,621,302,32,26,12,200,240,181
6310,63,10,356,290,8,40,694,363,9,27,5,222,258,215
6311,63,11,476,237,3,43,759,409,14,15,16,236,317,206
6312,63,12,347,214,8,48,617,307,36,18,13,195,258,164
6313,63,13,417,213,4,74,708,335,31,17,15,221,279,210
6314,63,14,337,230,8,46,621,290,9,24,5,185,264,174
6315,63,15,380,170,3,62,615,261,13,21,46,162,201,252
6316,63,16,214,220,7,41,482,256,5,7,13,152,178,153
6317,63,17,190,219,3,20,432,203,0,7,8,137,155,140
6318,63,18,309,240,3,30,582,234,12,26,33,172,168,243
6319,63,19,270,193,8,41,512,247,5,17,17,160,205,149
6320,63,20,260,207,3,44,514,253,6,5,29,151,189,176
6321,63,21,291,119,4,52,466,201,6,15,46,156,157,154
6322,63,22,420,132,7,44,603,276,40,10,33,180,255,168
6323,63,23,590,291,4,74,959,455,32,17,15,288,420,251
6324,63,24,206,165,2,44,417,174,11,14,32,128,142,148
6325,63,25,250,111,3,38,402,191,12,27,9,129,144,129
6401,64,1,368,144,5,58,575,218,42,29,13,168,206,205
6402,64,2,348,249,8,52,657,339,20,10,6,223,231,205
6403,64,3,338,143,5,53,539,246,26,23,7,185,181,179
6404,64,4,317,195,1,44,557,271,23,14,1,171,185,202
6405,64,5,424,220,3,65,712,323,16,31,14,204,252,258
6406,64,6,308,195,5,49,557,285,6,20,2,168,192,202
6407,64,7,261,178,7,30,476,235,10,14,8,142,198,138
6408,64,8,269,177,9,41,496,248,6,13,6,158,170,171
6409,64,9,288,148,2,30,468,209,28,19,5,146,166,158
6410,64,10,275,160,1,38,474,221,4,23,10,147,176,152
6411,64,11,249,192,4,34,479,185,33,13,12,137,157,185
6412,64,12,230,100,9,34,373,128,19,8,13,95,148,134
6413,64,13,239,203,2,32,476,266,5,5,4,124,156,197
6414,64,14,247,163,2,30,442,185,16,10,19,138,130,176
6415,64,15,486,181,3,40,710,346,76,34,10,185,301,227
6416,64,16,326,204,4,47,581,248,18,34,19,174,190,217
6417,64,17,272,157,2,35,466,204,19,30,13,146,144,178
6418,64,18,418,271,7,49,745,310,37,35,10,238,248,260
6501,65,1,439,230,7,47,723,413,3,5,9,226,279,219
6502,65,2,401,191,8,52,652,362,8,19,10,211,265,176
6503,65,3,342,93,7,54,496,154,55,33,9,134,187,175
6504,65,4,533,161,17,44,755,460,17,8,1,232,349,175
6505,65,5,290,72,3,43,408,117,69,40,21,130,133,147
6506,65,6,206,52,2,30,290,80,40,29,11,83,89,120
6507,65,7,558,270,11,69,908,420,21,16,9,298,313,297
6508,65,8,372,116,6,49,543,202,61,28,12,164,177,202
6509,65,9,502,156,6,53,717,340,46,26,11,234,280,207
6510,65,10,458,316,16,92,882,426,15,26,22,275,312,296
6511,65,11,506,126,8,63,703,241,105,56,16,242,261,201
6512,65,12,306,58,1,27,392,77,124,21,7,156,105,133
6513,65,13,295,71,5,42,413,172,35,25,8,139,140,137
6514,65,14,358,39,1,36,434,80,110,59,14,126,188,121
6515,65,15,376,47,3,46,472,117,89,41,14,138,193,142
6516,65,16,338,111,1,39,489,171,45,41,10,142,185,163
6517,65,17,539,125,3,55,722,246,103,62,13,229,287,213
6518,65,18,492,88,5,45,630,162,159,42,18,168,256,210
6519,65,19,338,113,2,47,500,225,24,30,8,165,176,161
6520,65,20,780,242,7,55,1084,564,35,14,5,319,507,261
6521,65,21,338,81,1,39,459,223,23,28,10,125,169,166
6522,65,22,328,128,4,39,499,194,44,45,9,153,184,165
6523,65,23,346,158,4,49,557,304,4,10,9,187,184,187
6601,66,1,366,154,4,50,574,265,15,26,13,157,188,229
6602,66,2,174,150,0,28,352,196,2,23,7,107,138,107
6603,66,3,239,159,5,27,430,260,4,9,4,133,149,148
6604,66,4,235,133,2,29,399,213,2,13,3,136,139,125
6605,66,5,296,205,5,45,551,233,22,10,9,178,151,222
6606,66,6,294,145,2,24,465,246,4,7,1,139,145,182
6607,66,7,176,185,8,42,411,219,5,20,12,120,137,155
6608,66,8,668,248,15,104,1035,373,135,35,21,324,384,332
6609,66,9,282,207,3,24,516,307,0,8,6,161,188,167
6610,66,10,295,175,1,41,512,270,26,9,12,153,190,169
6611,66,11,277,218,7,23,525,324,5,6,4,171,213,141
6612,66,12,354,160,7,49,570,268,38,25,10,164,216,191
6613,66,13,261,128,1,29,419,208,8,5,9,117,140,163
6614,66,14,312,193,6,42,553,315,4,7,5,171,182,200
6615,66,15,415,211,6,75,707,295,65,22,11,210,270,228
6616,66,16,212,105,5,22,344,194,2,2,1,109,119,116
6617,66,17,207,277,6,27,517,316,6,7,8,153,172,192
6618,66,18,332,172,4,52,560,297,6,16,12,174,213,173
6619,66,19,357,181,9,51,598,276,40,13,8,191,227,182
6620,66,20,349,167,4,56,576,297,10,15,8,165,197,215
6621,66,21,552,247,11,80,890,450,28,29,12,277,334,281
6622,66,22,518,250,6,93,867,408,25,23,50,233,288,349
6623,66,23,368,203,6,47,624,311,11,32,14,189,215,223
6624,66,24,340,156,5,33,534,248,51,4,10,168,194,172
6625,66,25,179,179,4,37,399,256,1,1,7,118,142,140
6626,66,26,379,172,3,43,597,340,10,7,3,182,221,196
6627,66,27,264,127,7,39,437,200,6,12,4,148,149,141
6628,66,28,303,177,7,46,533,288,9,18,9,164,180,190
6629,66,29,320,304,8,43,675,418,2,6,11,234,246,195
6630,66,30,259,229,6,42,536,320,2,15,3,168,185,183
6631,66,31,337,153,7,39,536,262,11,17,13,161,179,196
6632,66,32,428,163,6,58,655,281,45,32,12,225,256,175
6633,66,33,372,245,6,54,677,342,31,12,11,189,254,234
6634,66,34,275,191,6,43,515,293,1,6,5,170,179,168
6635,66,35,373,212,8,49,642,340,13,21,12,194,233,218
6636,66,36,397,253,12,67,729,386,15,14,6,227,261,243
6637,66,37,367,117,5,59,548,177,34,22,5,190,207,152
6638,66,38,279,248,4,34,565,286,9,15,11,182,204,179
6639,66,39,330,165,8,42,545,271,23,10,16,157,204,187
6640,66,40,243,159,5,37,444,251,8,12,14,144,167,133
6641,66,41,566,166,4,70,806,273,93,47,13,241,305,260
6642,66,42,256,181,2,31,470,240,3,10,5,137,172,162
6643,66,43,357,322,8,38,725,455,7,7,5,236,257,232
6644,66,44,335,175,4,34,548,318,3,7,7,160,208,181
6645,66,45,189,165,6,28,388,190,4,12,2,100,131,157
6646,66,46,226,265,5,26,522,334,3,13,2,157,205,164
